city,team,nickname,year,city-year,team-year,nickname-year,team-revenue,team-value,city-pop,team-wins,real-gdp-delta,sp-return,city-franchises,team-total-gms,team-total-attend,team-salary,team-champs-5yr,city-work-force,city-employed,city-unemployed,city-returns,city-exempt,city-agi,city-salary,team-age,team-off-rating,team-def-rating,team-ticket,team-fci,analysis-year,league-tv-deal
Atlanta,ATL,Hawks,2017,Atlanta-2017,ATL-2017,Hawks-2017,169,885,486290,43,2.2,19.42,4,41,654306,95471579,0,394688,375712,18976,#N/A,#N/A,#N/A,#N/A,49,104.5,105.2,,,13,2600
Atlanta,ATL,Hawks,2016,Atlanta-2016,ATL-2016,Hawks-2016,142,825,472522,48,1.6,9.54,3,41,690150,72902950,0,383126,362524,20602,343770,644140,22041682,16693427,48,104.6,100.7,36.82,255.28,12,930
Atlanta,ATL,Hawks,2015,Atlanta-2015,ATL-2015,Hawks-2015,133,825,463878,60,2.9,-0.73,3,41,713909,58470278,0,373115,350620,22495,348890,663340,21683722,16313145,47,108.2,102.2,35.26,245.39,11,930
Atlanta,ATL,Hawks,2014,Atlanta-2014,ATL-2014,Hawks-2014,119,425,456002,38,2.5,11.39,3,41,587927,58936376,0,368717,342134,26583,345390,661900,20710897,15402556,46,104.9,105.6,35.26,240.04,10,930
Atlanta,ATL,Hawks,2013,Atlanta-2013,ATL-2013,Hawks-2013,99,316,447841,44,1.8,29.6,3,41,620146,66768365,0,368650,337594,31056,346690,667520,19279377,14805296,45,103.7,103.4,34.75,233,9,930
Atlanta,ATL,Hawks,2012,Atlanta-2012,ATL-2012,Hawks-2012,109,270,443775,40,2.2,13.41,3,33,501593,73669912,0,370150,335318,34832,347530,670430,19202759,14489947,44,104.2,100.3,36.13,238.52,8,930
Atlanta,ATL,Hawks,2011,Atlanta-2011,ATL-2011,Hawks-2011,105,295,431740,44,1.6,0,3,41,641596,71469843,0,366603,327936,38667,371595,700094,18654261,14522715,43,105.1,105.8,36.13,235.02,7,930
Atlanta,ATL,Hawks,2010,Atlanta-2010,ATL-2010,Hawks-2010,103,306,420003,53,2.6,12.78,4,41,678375,65883642,0,363001,323687,39314,358284,685513,17674913,300654,42,110.9,106,35.74,295.13,6,930
Atlanta,ATL,Hawks,2009,Atlanta-2009,ATL-2009,Hawks-2009,103,306,540922,47,-2.5,23.45,4,41,686688,68168841,0,381335,343126,38209,294050,592379,14536285,11945248,41,108.3,106.6,36.9,235.59,5,930
Atlanta,ATL,Hawks,2008,Atlanta-2008,ATL-2008,Hawks-2008,102,286,537385,37,-0.1,-38.49,4,41,667518,55501133,0,392969,367914,25055,291658,583751,15264045,12389837,40,105.5,107.3,38,244.48,4,930
Boston,BOS,Celtics,2008,Boston-2008,BOS-2008,Celtics-2008,149,391,636748,66,-0.1,-38.49,5,41,763584,74509455,1,371840,351623,20217,309322,523321,18174129,14956559,62,108.8,98.1,65.43,358.72,4,930
Atlanta,ATL,Hawks,2006,Atlanta-2006,ATL-2006,Hawks-2006,92,262,498208,26,2.9,13.62,4,41,617942,42944553,0,386291,366471,19820,279122,557003,14633171,11463988,38,104.8,110.1,41.43,258.19,2,765
Atlanta,ATL,Hawks,2005,Atlanta-2005,ATL-2005,Hawks-2005,87,232,483108,13,3.5,3,4,41,586390,41059616,0,368282,345752,22530,272075,546520,13764937,10942466,37,98.8,109,37.68,243.2,1,765
Atlanta,ATL,Hawks,2004,Atlanta-2004,ATL-2004,Hawks-2004,78,202,468839,28,3.8,8.99,4,41,565728,64497340,0,363403,343516,19887,269543,539985,13228564,10671677,36,99,103.9,37.5,242.47,0,765
Boston,BOS,Celtics,2017,Boston-2017,BOS-2017,Celtics-2017,200,2200,685094,53,2.2,19.42,5,41,760690,87272327,0,433072,418378,14694,#N/A,#N/A,#N/A,#N/A,71,110.6,108,,,13,2600
Boston,BOS,Celtics,2016,Boston-2016,BOS-2016,Celtics-2016,181,2100,673184,48,1.6,9.54,5,41,749076,77139134,0,426576,411431,15145,381910,595650,34144595,22842787,70,105.8,102.5,66.49,419.96,12,930
Boston,BOS,Celtics,2015,Boston-2015,BOS-2015,Celtics-2015,173,1700,667137,40,2.9,-0.73,5,41,721350,62442955,0,420860,402312,18548,383100,602600,34417431,22432245,69,103.8,103.5,70.79,444.16,11,930
Boston,BOS,Celtics,2014,Boston-2014,BOS-2014,Celtics-2014,169,875,655884,25,2.5,11.39,5,41,742400,70676163,0,415222,393333,21889,373450,593280,33079080,20641044,68,101.9,106.5,72.64,434.96,10,930
Boston,BOS,Celtics,2013,Boston-2013,BOS-2013,Celtics-2013,143,730,645966,41,1.8,29.6,5,40,744960,73021989,0,406849,381626,25223,362010,579080,28516095,18808850,67,102.1,102.6,72.96,420.84,9,930
Boston,BOS,Celtics,2012,Boston-2012,BOS-2012,Celtics-2012,146,482,636479,39,2.2,13.41,5,33,614592,79820530,1,401379,376767,24612,354820,568270,28062626,17861163,66,100.1,97.5,68.55,392.6,8,930
Boston,BOS,Celtics,2011,Boston-2011,BOS-2011,Celtics-2011,151,452,628335,56,1.6,0,5,41,763584,82045867,1,396271,369972,26299,355707,571136,24697803,17198138,65,105.5,99.8,68.55,392.7,7,930
Boston,BOS,Celtics,2010,Boston-2010,BOS-2010,Celtics-2010,144,433,617594,50,2.6,12.78,5,41,744961,83552174,1,393952,363851,30101,345838,560589,24115307,299103,64,106.9,103.2,68.55,392.7,6,930
Boston,BOS,Celtics,2009,Boston-2009,BOS-2009,Celtics-2009,144,447,645169,62,-2.5,23.45,5,41,763584,79188973,1,374530,345580,28950,306993,523856,17598605,14416534,63,109.4,101.6,68.55,389.2,5,930
Charlotte,CHA,Hornets,2008,Charlotte-2008,CHA-2008,Hornets-2008,95,287,687971,32,-0.1,-38.49,2,41,603403,53745468,0,466991,439235,27756,372225,795203,24066450,19382324,3,103.6,108.2,29.1,196.9,4,930
Chicago,CHI,Bulls,2008,Chicago-2008,CHI-2008,Bulls-2008,165,500,2830026,33,-0.1,-38.49,6,41,901502,63084166,0,2615675,2447178,168497,2198638,4593549,130340490,101160564,42,102.9,106,63,335,4,930
Boston,BOS,Celtics,2006,Boston-2006,BOS-2006,Celtics-2006,111,353,612192,33,2.9,13.62,5,41,692873,56907300,0,357971,339648,18323,296469,504688,17245674,13192813,60,104,105.5,55.93,316.72,2,765
Boston,BOS,Celtics,2005,Boston-2005,BOS-2005,Celtics-2005,110,334,609690,45,3.5,3,5,41,656081,64577356,0,332082,314372,17710,290178,496953,16309421,12342093,59,105.9,105.1,55.93,316.71,1,765
Boston,BOS,Celtics,2004,Boston-2004,BOS-2004,Celtics-2004,97,290,607367,36,3.8,8.99,5,41,664248,60185915,0,336954,317830,19124,289701,498996,15766038,11971231,58,100.7,102.2,57.02,318.09,0,765
Brooklyn,BKN,Nets,2017,New York-2017,BKN-2017,Nets-2017,223,1800,8622698,20,2.2,19.42,11,41,632608,72926799,0,939689,901733,37956,#N/A,#N/A,#N/A,#N/A,4,103.6,110.1,,,13,2600
Brooklyn,BKN,Nets,2016,New York-2016,BKN-2016,Nets-2016,220,1700,8537673,21,1.6,9.54,11,41,620142,88346807,0,932124,889769,42355,9588900,17400680,769808615,521539503,3,102.3,109.7,66.15,404.6,12,930
Brooklyn,BKN,Nets,2015,New York-2015,BKN-2015,Nets-2015,212,1500,8550405,38,2.9,-0.73,11,41,698529,92172817,0,920921,876135,44786,9614110,17542570,782771380,516819001,2,103.3,106.3,66.15,404.6,11,930
Brooklyn,BKN,Nets,2014,New York-2014,BKN-2014,Nets-2014,190,780,8491079,44,2.5,11.39,10,41,707331,107358841,0,913131,857230,55901,9523340,17502220,755698876,492995724,1,105.4,106.7,60.5,382,10,930
Brooklyn,BKN,Nets,2013,New York-2013,BKN-2013,Nets-2013,84,530,8405837,49,1.8,29.6,10,41,704702,85282885,0,904861,836910,67951,9442110,17477410,698571811,468303185,0,106.8,104.8,55.89,365.06,9,930
Charlotte,CHA,Hornets,2017,Charlotte-2017,CHA-2017,Hornets-2017,158,780,859035,36,2.2,19.42,2,41,710643,99780303,0,601998,576068,25930,#N/A,#N/A,#N/A,#N/A,12,108.4,108.4,,,13,2600
Charlotte,CHA,Hornets,2016,Charlotte-2016,CHA-2016,Hornets-2016,142,750,842051,48,1.6,9.54,2,41,716894,78691926,0,582855,555245,27610,500480,949450,39440544,29209994,11,106.4,103.7,30.6,212.4,12,930
Charlotte,CHA,Hornets,2015,Charlotte-2015,CHA-2015,Hornets-2015,130,725,827097,33,2.9,-0.73,2,41,704886,76397531,0,565288,534989,30299,493970,949520,39240780,28121702,10,99.5,103,30.6,212.4,11,930
Charlotte,CHA,Hornets,2014,Charlotte-2014,CHA-2014,Hornets-2014,115,410,809958,43,2.5,11.39,2,41,636268,72426678,0,548086,515227,32859,480950,933760,34817984,26086734,9,102.9,103.3,29.27,203.06,10,930
Charlotte,CHA,Hornets,2013,Charlotte-2013,CHA-2013,Hornets-2013,93,315,792862,21,1.8,29.6,2,41,628293,57491899,0,537143,496753,40390,469810,923220,32169460,24593658,8,100.4,110.3,29.27,203.06,9,930
Charlotte,CHA,Hornets,2012,Charlotte-2012,CHA-2012,Hornets-2012,101,277,775202,7,2.2,13.41,2,33,486984,57902024,0,527788,481623,46165,461640,920040,31959409,23820173,7,94.4,109.4,29.27,203.06,8,930
Charlotte,CHA,Hornets,2011,Charlotte-2011,CHA-2011,Hornets-2011,98,281,756213,34,1.6,0,2,41,649694,66542696,0,513764,462812,50952,459514,930843,28993991,22628872,6,102.8,106.9,29.96,199.34,7,930
Charlotte,CHA,Hornets,2010,Charlotte-2010,CHA-2010,Hornets-2010,96,278,731424,44,2.6,12.78,2,41,648790,68681758,0,502428,448844,53584,443108,914352,27800793,379504,5,103.9,102,33.25,213.51,6,930
Charlotte,CHA,Hornets,2009,Charlotte-2009,CHA-2009,Hornets-2009,96,284,704422,35,-2.5,23.45,2,40,581049,62866926,0,465775,416463,49312,370148,797088,21978935,18005131,4,103.7,105,33.25,213.51,5,930
Cleveland,CLE,Cavaliers,2008,Cleveland-2008,CLE-2008,Cavaliers-2008,159,455,434023,45,-0.1,-38.49,3,41,839074,82217583,0,644172,604178,39994,561250,1083035,29198521,22103943,38,104.8,105.4,56.1,317.9,4,930
Dallas,DAL,Mavericks,2008,Dallas-2008,DAL-2008,Mavericks-2008,153,461,1279539,51,-0.1,-38.49,5,41,831738,101694879,0,1140659,1080079,60580,913791,2045601,49535393,39413706,28,109.5,104.7,60.56,339.23,4,930
Charlotte,CHA,Hornets,2006,Charlotte-2006,CHA-2006,Hornets-2006,89,300,652202,26,2.9,13.62,2,41,671011,33458932,0,445356,425476,19880,344850,739252,22933957,17820364,1,101.1,105.5,36.13,237.03,2,765
Charlotte,CHA,Hornets,2005,Charlotte-2005,CHA-2005,Hornets-2005,73,225,631160,18,3.5,3,2,41,591701,23922578,0,426529,405368,21161,329313,707611,20942293,16553406,0,99.8,106,36.61,223.96,1,765
Chicago,CHI,Bulls,2017,Chicago-2017,CHI-2017,Bulls-2017,232,2500,2716450,41,2.2,19.42,6,41,888882,94291373,0,2653153,2514113,139040,#N/A,#N/A,#N/A,#N/A,51,106.5,106.2,,,13,2600
Chicago,CHI,Bulls,2016,Chicago-2016,CHI-2016,Bulls-2016,228,2300,2704958,42,1.6,9.54,6,41,894659,86783378,0,2669585,2507250,162335,2520680,4731180,186578305,130458361,50,104,105.5,82.33,477.32,12,930
Chicago,CHI,Bulls,2015,Chicago-2015,CHI-2015,Bulls-2015,201,2000,2720546,50,2.9,-0.73,6,41,875091,80964682,0,2648861,2484494,164367,2553180,4846740,188858356,129618614,49,106.3,103.3,82.33,477.32,11,930
Chicago,CHI,Bulls,2014,Chicago-2014,CHI-2014,Bulls-2014,195,1000,2722389,48,2.5,11.39,6,41,890370,71877371,0,2653342,2455149,198193,2536230,4866800,181576833,123064387,48,101.7,99.8,77.65,456.6,10,930
Chicago,CHI,Bulls,2013,Chicago-2013,CHI-2013,Bulls-2013,162,800,2718782,45,1.8,29.6,6,41,896944,75627699,0,2671904,2414722,257182,2524550,4890410,167883859,117373275,47,102.4,101.9,71.9,426.6,9,930
Chicago,CHI,Bulls,2012,Chicago-2012,CHI-2012,Bulls-2012,185,600,2714856,50,2.2,13.41,6,33,731326,69548447,0,2653326,2397792,255534,2509880,4918520,169617799,115323922,46,106.3,97.4,68.37,393.98,8,930
Chicago,CHI,Bulls,2011,Chicago-2011,CHI-2011,Bulls-2011,169,511,2705248,62,1.6,0,6,41,893462,54538076,0,2636434,2360934,275500,2540973,5009180,154189065,111162049,45,107.2,99.4,64.25,365,7,930
Chicago,CHI,Bulls,2010,Chicago-2010,CHI-2010,Bulls-2010,168,511,2695598,41,2.6,12.78,6,41,849760,69700359,0,2643833,2356472,287361,2499220,4971022,150361042,2034714,44,102.5,104.1,64.25,389,6,930
Chicago,CHI,Bulls,2009,Chicago-2009,CHI-2009,Bulls-2009,168,504,2851268,41,-2.5,23.45,6,40,847903,68126774,0,2604692,2330033,274659,2177912,4596546,120516029,95531750,43,107.1,107.5,64.25,344.5,5,930
Denver,DEN,Nuggets,2008,Denver-2008,DEN-2008,Nuggets-2008,112,321,593086,50,-0.1,-38.49,5,41,711962,82958227,0,323342,305960,17382,258564,492478,14765508,11340625,32,108.9,105.5,44.29,271.16,4,930
Detroit,DET,Pistons,2008,Detroit-2008,DET-2008,Pistons-2008,160,477,912632,59,-0.1,-38.49,4,41,905116,65898875,1,863865,783771,80094,739627,1561397,34200633,26049921,51,109.8,101.5,47.5,282,4,930
Chicago,CHI,Bulls,2006,Chicago-2006,CHI-2006,Bulls-2006,149,409,2806391,41,2.9,13.62,6,41,868720,57166530,0,2566657,2441887,124770,2126871,4456617,124962508,92908112,40,103.3,102.6,52.54,304.15,2,765
Chicago,CHI,Bulls,2005,Chicago-2005,CHI-2005,Bulls-2005,136,368,2824584,47,3.5,3,6,41,828384,57276129,0,2548067,2384929,163138,2086887,4404265,117299562,88018402,39,100.5,99.1,50.67,295.18,1,765
Chicago,CHI,Bulls,2004,Chicago-2004,CHI-2004,Bulls-2004,119,356,2848996,23,3.8,8.99,6,41,809177,55489797,0,2559761,2384824,174937,2086145,4413069,114222243,86523535,38,95.6,102.1,50.67,292.69,0,765
Cleveland,CLE,Cavaliers,2017,Cleveland-2017,CLE-2017,Cavaliers-2017,233,1200,385525,51,2.2,19.42,3,41,843042,130454892,1,610874,575119,35755,#N/A,#N/A,#N/A,#N/A,47,112.8,109.7,,,13,2600
Cleveland,CLE,Cavaliers,2016,Cleveland-2016,CLE-2016,Cavaliers-2016,191,1100,385809,57,1.6,9.54,3,41,843042,108126026,1,610404,576199,34205,619030,1072930,37797178,26641856,46,110.2,103.9,48.12,274.48,12,930
Cleveland,CLE,Cavaliers,2015,Cleveland-2015,CLE-2015,Cavaliers-2015,149,915,388072,53,2.9,-0.73,3,41,843042,83095277,0,608690,577037,31653,627700,1092170,38051525,26472440,45,110.1,105.3,43.31,271.74,11,930
Cleveland,CLE,Cavaliers,2014,Cleveland-2014,CLE-2014,Cavaliers-2014,145,515,389521,33,2.5,11.39,3,41,710522,66611520,0,616481,578054,38427,627120,1096630,37395626,25490695,44,103.5,107,43.31,271.74,10,930
Cleveland,CLE,Cavaliers,2013,Cleveland-2013,CLE-2013,Cavaliers-2013,128,434,390113,24,1.8,29.6,3,41,663882,68428583,0,621938,578643,43295,629390,1106560,34785905,24755632,43,103.2,108.2,47.15,287.6,9,930
Cleveland,CLE,Cavaliers,2012,Cleveland-2012,CLE-2012,Cavaliers-2012,149,329,390928,21,2.2,13.41,3,33,525577,64875599,0,619168,577178,41990,627200,1109360,35740568,24641527,42,100,107.6,48.62,275.98,8,930
Cleveland,CLE,Cavaliers,2011,Cleveland-2011,CLE-2011,Cavaliers-2011,161,355,392694,19,1.6,0,3,41,824595,53990021,0,623251,576023,47228,636036,1130971,33217792,23702687,41,101.5,110.9,52.28,288.18,7,930
Cleveland,CLE,Cavaliers,2010,Cleveland-2010,CLE-2010,Cavaliers-2010,159,476,396815,61,2.6,12.78,3,41,843042,83398534,0,631675,577866,53809,628080,1133523,32264263,513404,40,110.5,103.8,55.97,293.78,6,930
Cleveland,CLE,Cavaliers,2009,Cleveland-2009,CLE-2009,Cavaliers-2009,159,477,431369,66,-2.5,23.45,3,41,820439,91298233,0,625607,571110,54497,549893,1068286,26889136,20816062,39,111.2,101.6,55.95,293.78,5,930
Oakland,GSW,Warriors,2008,Oakland-2008,GSW-2008,Warriors-2008,112,309,403188,48,-0.1,-38.49,7,41,804864,62148303,0,756411,709426,46985,608721,1288185,43123966,34856646,46,110.3,108.4,31.13,206.52,4,930
Houston,HOU,Rockets,2008,Houston-2008,HOU-2008,Rockets-2008,156,462,2238183,55,-0.1,-38.49,4,41,718524,69894114,0,1933140,1842516,90624,1509330,3424982,91764937,74647288,37,105.4,100.5,41.98,270.94,4,930
Cleveland,CLE,Cavaliers,2006,Cleveland-2006,CLE-2006,Cavaliers-2006,115,356,442409,50,2.9,13.62,3,41,792391,51303962,0,652395,619269,33126,558814,1090496,28789899,21189392,36,106.5,104.4,42.52,252.06,2,765
Cleveland,CLE,Cavaliers,2005,Cleveland-2005,CLE-2005,Cavaliers-2005,102,298,449188,42,3.5,3,3,41,784249,49175274,0,654861,619785,35076,555426,1092686,27595352,20660823,35,105.3,104.7,42.15,238.58,1,765
Cleveland,CLE,Cavaliers,2004,Cleveland-2004,CLE-2004,Cavaliers-2004,72,258,455798,35,3.8,8.99,3,41,749790,46186472,0,661974,625075,36899,563330,1113290,27567193,20887876,34,100.5,103.1,40.15,230.6,0,765
Dallas,DAL,Mavericks,2017,Dallas-2017,DAL-2017,Mavericks-2017,194,1450,1341075,33,2.2,19.42,5,41,811366,109800808,0,1333933,1282785,51148,#N/A,#N/A,#N/A,#N/A,37,104.7,107.7,,,13,2600
Dallas,DAL,Mavericks,2016,Dallas-2016,DAL-2016,Mavericks-2016,177,1400,1317929,42,1.6,9.54,5,41,825901,74722199,0,1296256,1244191,52065,1173930,2367390,83236504,58548870,36,105.5,105.9,49.76,281.02,12,930
Dallas,DAL,Mavericks,2015,Dallas-2015,DAL-2015,Mavericks-2015,168,1150,1300092,50,2.9,-0.73,5,41,827702,84245429,1,1261721,1207803,53918,1174520,2396000,84684946,57475966,35,108.2,104.9,51.8,312.2,11,930
Dallas,DAL,Mavericks,2014,Dallas-2014,DAL-2014,Mavericks-2014,162,765,1281047,49,2.5,11.39,5,41,817982,74811065,1,1250984,1183245,67739,1154650,2376540,81494029,54138579,34,109.5,107.2,51.8,321.18,10,930
Dallas,DAL,Mavericks,2013,Dallas-2013,DAL-2013,Mavericks-2013,137,685,1257676,41,1.8,29.6,5,41,821490,68391849,1,1234933,1153569,81364,1143270,2373210,72627196,51001321,33,104.7,105.4,51.8,321.18,9,930
Dallas,DAL,Mavericks,2012,Dallas-2012,DAL-2012,Mavericks-2012,166,497,1241162,36,2.2,13.41,5,33,671050,77180233,1,1223343,1136230,87113,1126020,2368550,74985508,49503166,32,102,100.9,49.45,311.78,8,930
Dallas,DAL,Mavericks,2011,Dallas-2011,DAL-2011,Mavericks-2011,146,438,1217821,57,1.6,0,5,41,824162,85409890,1,1212288,1113577,98711,1139989,2395938,66057505,46932633,31,108.4,104.1,49.45,297.78,7,930
Dallas,DAL,Mavericks,2010,Dallas-2010,DAL-2010,Mavericks-2010,154,446,1197816,55,2.6,12.78,5,41,819770,88916075,0,1194015,1091493,102522,1092589,2341059,62789502,926746,30,107.8,105,51.51,285.07,6,930
Dallas,DAL,Mavericks,2009,Dallas-2009,DAL-2009,Mavericks-2009,154,466,1299542,50,-2.5,23.45,5,41,821723,95045559,0,1143197,1049081,94116,913582,2072892,44293240,37385722,29,109,107,62.1,344.86,5,930
Indianapolis,IND,Pacers,2008,Indianapolis-2008,IND-2008,Pacers-2008,101,333,800730,36,-0.1,-38.49,2,41,501092,66260246,0,463200,437123,26077,392592,833823,18783844,14961477,32,105.1,106.3,42.39,250.57,4,930
Los Angeles,LAC,Clippers,2008,Los Angeles-2008,LAC-2008,Clippers-2008,99,294,3801576,23,-0.1,-38.49,8,41,692408,64847945,0,4928959,4555103,373856,3772443,8141157,212668395,165185194,24,99.9,107.4,89.24,317,4,930
Dallas,DAL,Mavericks,2006,Dallas-2006,DAL-2006,Mavericks-2006,140,403,1255211,60,2.9,13.62,5,41,824693,98454832,0,1146694,1088046,58648,863122,1932075,46663307,35961781,26,109.9,103.2,53.6,301.39,2,765
Dallas,DAL,Mavericks,2005,Dallas-2005,DAL-2005,Mavericks-2005,124,374,1246185,58,3.5,3,5,41,822533,91908443,0,1142456,1077868,64588,837783,1887683,43771073,34154382,25,108.5,102.6,53.6,301.39,1,765
Dallas,DAL,Mavericks,2004,Dallas-2004,DAL-2004,Mavericks-2004,117,338,1234212,52,3.8,8.99,5,41,825594,79536723,0,1147253,1072514,74739,832828,1868139,42634600,33354573,24,110.4,105.8,53.07,299.25,0,765
Denver,DEN,Nuggets,2017,Denver-2017,DEN-2017,Nuggets-2017,157,890,704621,40,2.2,19.42,5,41,605585,68394193,0,397166,386225,10941,#N/A,#N/A,#N/A,#N/A,41,112.1,111.7,,,13,2600
Denver,DEN,Nuggets,2016,Denver-2016,DEN-2016,Nuggets-2016,140,855,693060,33,1.6,9.54,5,41,577898,72305488,0,384939,373035,11904,349530,600900,28709780,19335926,40,104.9,108.2,52.38,316.02,12,930
Denver,DEN,Nuggets,2015,Denver-2015,DEN-2015,Nuggets-2015,136,855,682545,30,2.9,-0.73,5,41,602707,56767895,0,375443,361592,13851,347940,608850,27041806,18601083,39,103.8,107.1,54,322.5,11,930
Denver,DEN,Nuggets,2014,Denver-2014,DEN-2014,Nuggets-2014,124,495,663862,36,2.5,11.39,5,41,692898,70520548,0,368465,350792,17673,338820,601570,25366843,17343200,38,105.1,107.3,53.15,319.1,10,930
Denver,DEN,Nuggets,2013,Denver-2013,DEN-2013,Nuggets-2013,110,427,649495,57,1.8,29.6,5,41,730616,68566062,0,362752,338686,24066,330230,594070,22939203,15771110,37,109.3,104.1,54.23,326.42,9,930
Denver,DEN,Nuggets,2012,Denver-2012,DEN-2012,Nuggets-2012,113,316,634265,38,2.2,13.41,5,33,561966,58553173,0,357670,329577,28093,319330,582940,22963982,15319254,36,108.3,105.1,47.3,295.7,8,930
Denver,DEN,Nuggets,2011,Denver-2011,DEN-2011,Nuggets-2011,113,316,619285,50,1.6,0,5,41,692968,68019290,0,352226,321953,30273,316454,593003,19700878,14008386,35,111.7,106.8,47.3,287.7,7,930
Denver,DEN,Nuggets,2010,Denver-2010,DEN-2010,Nuggets-2010,115,321,600158,53,2.6,12.78,5,41,737812,74935538,0,347590,315922,31668,308433,587389,18632052,260252,34,110.8,106.4,47.3,287.7,6,930
Denver,DEN,Nuggets,2009,Denver-2009,DEN-2009,Nuggets-2009,115,329,610345,54,-2.5,23.45,5,41,706165,70121003,0,324332,298039,26293,260056,501474,13942514,11086108,33,109,105.6,47.3,287.7,5,930
Los Angeles,LAL,Lakers,2008,Los Angeles-2008,LAL-2008,Lakers-2008,191,560,3801576,57,-0.1,-38.49,8,41,778877,72626796,0,4928959,4555103,373856,3772443,8141157,212668395,165185194,48,111.7,104.3,57,453.95,4,930
Memphis,MEM,Grizzlies,2008,Memphis-2008,MEM-2008,Grizzlies-2008,95,304,676660,22,-0.1,-38.49,1,41,523578,54118526,0,440054,409635,30419,385826,827751,19724311,15880143,7,103.9,110.2,36.82,228.28,4,930
Denver,DEN,Nuggets,2006,Denver-2006,DEN-2006,Nuggets-2006,100,283,568692,44,2.9,13.62,5,41,702645,56492172,0,306021,291349,14672,240314,455508,13551225,9857778,30,104.4,104.1,36.98,229.91,2,765
Denver,DEN,Nuggets,2005,Denver-2005,DEN-2005,Nuggets-2005,94,268,561323,49,3.5,3,5,41,723949,46101759,0,302009,284892,17117,232501,441964,12666963,9209132,29,104.7,102.6,35.5,215.52,1,765
Denver,DEN,Nuggets,2004,Denver-2004,DEN-2004,Nuggets-2004,75,218,558506,43,3.8,8.99,5,41,721476,39398646,0,303137,283567,19570,230775,435996,12092650,8867165,28,102.4,101.4,32.77,204.58,0,765
Detroit,DET,Pistons,2017,Detroit-2017,DET-2017,Pistons-2017,172,900,673104,37,2.2,19.42,4,41,655141,106119045,0,789088,746415,42673,#N/A,#N/A,#N/A,#N/A,60,105.3,106.7,,,13,2600
Detroit,DET,Pistons,2016,Detroit-2016,DET-2016,Pistons-2016,154,850,672795,44,1.6,9.54,4,41,677138,85963779,0,778434,729654,48780,796330,1496660,42127883,30072837,59,105.2,104.9,31.42,215.68,12,930
Detroit,DET,Pistons,2015,Detroit-2015,DET-2015,Pistons-2015,144,810,677116,32,2.9,-0.73,4,41,625917,64407195,0,758684,706075,52609,802660,1518010,40632432,29348306,58,104.3,105.4,38.8,261.2,11,930
Detroit,DET,Pistons,2014,Detroit-2014,DET-2014,Pistons-2014,139,450,680250,29,2.5,11.39,4,41,615238,61897253,0,768439,694244,74195,800950,1524690,39022769,27970627,57,105.2,109,40.1,262.4,10,930
Detroit,DET,Pistons,2013,Detroit-2013,DET-2013,Pistons-2013,125,400,688701,29,1.8,29.6,4,41,606094,63057497,0,776560,687300,89260,803590,1539840,38115175,26852469,56,102.7,107.2,40.1,254.4,9,930
Detroit,DET,Pistons,2012,Detroit-2012,DET-2012,Pistons-2012,141,332,701475,25,2.2,13.41,4,33,475638,70923605,0,771845,681453,90392,806750,1554340,37133292,26666233,55,99.9,104.9,41.26,257.04,8,930
Detroit,DET,Pistons,2011,Detroit-2011,DET-2011,Pistons-2011,147,360,706201,30,1.6,0,4,41,683080,65517821,0,774443,674177,100266,852988,1622118,36289688,26788453,54,107,110.7,42.76,265.04,7,930
Detroit,DET,Pistons,2010,Detroit-2010,DET-2010,Pistons-2010,171,479,713777,27,2.6,12.78,4,41,768826,60185833,0,802754,678426,124328,840328,1629744,35241369,661034,53,104.5,110.3,47.51,274,6,930
Detroit,DET,Pistons,2009,Detroit-2009,DET-2009,Pistons-2009,171,480,910921,39,-2.5,23.45,4,41,896971,71434174,0,869996,728832,141164,724590,1533350,31459306,23561025,52,105.8,106.4,47.5,284,5,930
Miami,MIA,Heat,2008,Miami-2008,MIA-2008,Heat-2008,131,418,431196,15,-0.1,-38.49,4,41,798004,74767603,1,1228554,1169367,59187,1048396,2045805,45079094,36030781,20,99.3,108.7,58.55,339.2,4,930
Milwaukee,MIL,Bucks,2008,Milwaukee-2008,MIL-2008,Bucks-2008,94,264,604179,26,-0.1,-38.49,2,41,639421,62571522,0,469227,442645,26582,401589,811584,19560145,15459558,40,103.9,111.1,47.64,268.56,4,930
Detroit,DET,Pistons,2006,Detroit-2006,DET-2006,Pistons-2006,138,402,918849,64,2.9,13.62,4,41,905116,59619275,1,901905,827726,74179,741584,1585654,34478262,26541637,49,109.2,101.7,36.75,241,2,765
Detroit,DET,Pistons,2005,Detroit-2005,DET-2005,Pistons-2005,134,363,921149,54,3.5,3,4,41,905116,54762481,1,910762,835251,75511,730374,1581411,34006698,26743684,48,103.9,99.5,36.75,241,1,765
Detroit,DET,Pistons,2004,Detroit-2004,DET-2004,Pistons-2004,102,284,924016,54,3.8,8.99,4,41,872902,53442834,1,916559,837179,79380,738975,1600335,33974173,27061670,47,100.3,93.8,33.6,207.4,0,765
Oakland,GSW,Warriors,2017,Oakland-2017,GSW-2017,Warriors-2017,305,2600,425195,67,2.2,19.42,7,41,803436,99524309,2,848335,817433,30902,#N/A,#N/A,#N/A,#N/A,55,114.8,103.4,,,13,2600
Oakland,GSW,Warriors,2016,Oakland-2016,GSW-2016,Warriors-2016,201,1900,420005,73,1.6,9.54,7,41,803436,95454038,1,837583,801774,35809,784180,1519650,73491505,55666925,54,113.4,102.8,79.84,471.36,12,930
Oakland,GSW,Warriors,2015,Oakland-2015,GSW-2015,Warriors-2015,168,1300,419267,67,2.9,-0.73,7,41,803436,73780441,1,823130,784217,38913,781720,1527110,70251493,53043615,53,110.4,100.4,47.38,336.52,11,930
Oakland,GSW,Warriors,2014,Oakland-2014,GSW-2014,Warriors-2014,160,750,413775,51,2.5,11.39,7,41,803436,71488484,0,809983,762878,47105,762590,1504930,64926997,48581110,52,106.2,101.4,44.27,324.08,10,930
Oakland,GSW,Warriors,2013,Oakland-2013,GSW-2013,Warriors-2013,127,555,406253,47,1.8,29.6,7,41,794320,69695346,0,802813,744764,58049,745130,1487070,58444569,44737548,51,105.1,104.2,35.7,260.8,9,930
Oakland,GSW,Warriors,2012,Oakland-2012,GSW-2012,Warriors-2012,139,450,400740,23,2.2,13.41,7,33,622311,61576901,0,798416,729049,69367,729010,1466390,56052419,42434624,50,103.9,107.2,34.13,252.5,8,930
Oakland,GSW,Warriors,2011,Oakland-2011,GSW-2011,Warriors-2011,119,363,395935,36,1.6,0,7,41,766398,68415336,0,786756,707381,79375,736290.0001,1478513,52908475,40321646,49,107.1,109.4,34.13,247.52,7,930
Oakland,GSW,Warriors,2010,Oakland-2010,GSW-2010,Warriors-2010,113,315,390724,26,2.6,12.78,7,41,739120,65352372,0,782522,697112,85410,713338,1452175,48839590,586590,48,107,110.3,37.51,261,6,930
Oakland,GSW,Warriors,2009,Oakland-2009,GSW-2009,Warriors-2009,113,335,409189,29,-2.5,23.45,7,41,776660,67416431,0,760888,682852,78036,603981,1288870,40769621,33182122,47,108,111.6,39,267,5,930
Minneapolis,MIN,Timberwolves,2008,Minneapolis-2008,MIN-2008,Timberwolves-2008,100,308,381978,22,-0.1,-38.49,4,41,593537,69043895,0,656957,624644,32313,512309,1008069,38592570,29737215,19,102.7,110,39.37,231.38,4,930
New Orleans,NOP,Pelicans,2008,New Orleans-2008,NOP-2008,Pelicans-2008,95,272,336644,56,-0.1,-38.49,2,41,581432,62609991,0,133877,125795,8082,117381,225762,5378055,4178082,6,110,104.4,24.58,182.3,4,930
Oakland,GSW,Warriors,2006,Oakland-2006,GSW-2006,Warriors-2006,89,243,392076,34,2.9,13.62,7,41,749185,57114566,0,733836,701275,32561,581349,1225994,40963404,31644514,44,103.5,104.9,23.82,174.27,2,765
Oakland,GSW,Warriors,2005,Oakland-2005,GSW-2005,Warriors-2005,81,228,392112,34,3.5,3,7,41,670368,54943723,0,734258,696792,37466,568637,1204705,38516924,29737068,43,103.4,105.5,27.69,189.76,1,765
Oakland,GSW,Warriors,2004,Oakland-2004,GSW-2004,Warriors-2004,70,188,394433,37,3.8,8.99,7,41,665648,53376708,0,741617,698223,43394,569767,1206396,36870274,29075300,42,101.5,102.6,26.38,184.52,0,765
Houston,HOU,Rockets,2017,Houston-2017,HOU-2017,Rockets-2017,244,1650,2312717,55,2.2,19.42,4,41,695903,94287153,0,2268944,2155485,113459,#N/A,#N/A,#N/A,#N/A,46,114.1,108.4,,,13,2600
Houston,HOU,Rockets,2016,Houston-2016,HOU-2016,Rockets-2016,237,1500,2303482,41,1.6,9.54,4,41,737244,89806511,0,2246239,2126642,119597,1959360,4025360,127140210,101327948,45,107.3,107.3,67.24,376.42,12,930
Houston,HOU,Rockets,2015,Houston-2015,HOU-2015,Rockets-2015,175,1250,2296224,56,2.9,-0.73,4,41,747412,79176825,0,2232553,2129050,103503,2021280,4172480,151856438,111190482,44,106,102.6,65.6,369.86,11,930
Houston,HOU,Rockets,2014,Houston-2014,HOU-2014,Rockets-2014,191,775,2239558,54,2.5,11.39,4,41,743082,69103264,0,2230152,2119161,110991,1999680,4138690,151981221,108218772,43,109.8,105.2,57.15,336.06,10,930
Houston,HOU,Rockets,2013,Houston-2013,HOU-2013,Rockets-2013,135,568,2195914,45,1.8,29.6,4,41,683564,57323787,0,2199353,2066248,133105,1955830,4083050,140129883,101990810,42,108.7,105.3,45.65,299.28,9,930
Houston,HOU,Rockets,2012,Houston-2012,HOU-2012,Rockets-2012,150,453,2160821,34,2.2,13.41,4,33,506994,57021755,0,2156942,2013828,143114,1916390,4042210,146189066,99168845,41,104.2,103.9,41,271.46,8,930
Houston,HOU,Rockets,2011,Houston-2011,HOU-2011,Rockets-2011,153,443,2126196,43,1.6,0,4,41,663839,72315654,0,2110507,1944945,165562,1897715,4010319,127116695,92016459,40,110.2,107.9,41.41,276.14,7,930
Houston,HOU,Rockets,2010,Houston-2010,HOU-2010,Rockets-2010,160,470,2099451,42,2.6,12.78,4,41,677658,69095315,0,2064026,1892849,171177,1827043,3936339,118308067,1545075,39,106.8,106.8,42.87,282,6,930
Houston,HOU,Rockets,2009,Houston-2009,HOU-2009,Rockets-2009,160,469,2257926,53,-2.5,23.45,4,40,699280,73302272,0,1971402,1822227,149175,1525703,3494447,86385369,71748661,38,107.1,102.9,43.4,279.11,5,930
New Jersey,NJN,Nets,2008,New Jersey-2008,NJN-2008,Nets-2008,98,338,8346794,34,-0.1,-38.49,10,41,641921,61836211,0,478208,457226,20982,379636,798623,35452429,26607299,32,102.3,107.7,60.98,328.9,4,930
New York,NYK,Knicks,2008,New York-2008,NYK-2008,Knicks-2008,208,608,8346794,23,-0.1,-38.49,10,41,783739,96190114,0,931595,885850,45745,8100379,16114794,506186136,389783236,62,103.4,110.4,70.51,394.52,4,930
Houston,HOU,Rockets,2006,Houston-2006,HOU-2006,Rockets-2006,142,422,2169248,34,2.9,13.62,4,41,636110,69257404,0,1874936,1780465,94471,1393023,3198197,81678646,64269080,35,100.4,102.1,55.59,321.34,2,765
Houston,HOU,Rockets,2005,Houston-2005,HOU-2005,Rockets-2005,141,369,2076189,51,3.5,3,3,41,663444,60284303,0,1823699,1719989,103710,1358067,3141793,73930860,59632250,34,104.4,100.1,55.22,319.86,1,765
Houston,HOU,Rockets,2004,Houston-2004,HOU-2004,Rockets-2004,82,278,2058645,45,3.8,8.99,3,41,640794,55401430,0,1805276,1693835,111441,1327655,3076754,70294890,56850505,33,99.6,97.8,59.05,330.19,0,765
Indianapolis,IND,Pacers,2017,Indianapolis-2017,IND-2017,Pacers-2017,157,880,863002,42,2.2,19.42,2,41,684578,89352004,0,482568,465230,17338,#N/A,#N/A,#N/A,#N/A,41,107.9,108,,,13,2600
Indianapolis,IND,Pacers,2016,Indianapolis-2016,IND-2016,Pacers-2016,138,840,855164,45,1.6,9.54,2,41,690733,72399692,0,481213,459700,21513,454100,850000,23968933,17988611,40,103.8,102.2,38.97,257.4,12,930
Indianapolis,IND,Pacers,2015,Indianapolis-2015,IND-2015,Pacers-2015,139,830,853173,38,2.9,-0.73,2,41,691434,74783039,0,472332,448369,23963,458140,870020,23362415,17716609,39,102.9,102.7,32.59,232.44,11,930
Indianapolis,IND,Pacers,2014,Indianapolis-2014,IND-2014,Pacers-2014,121,475,848788,56,2.5,11.39,2,41,717542,67154570,0,467242,436752,30490,456270,879190,22465055,16956844,38,103.6,98.9,31.62,227.36,10,930
Indianapolis,IND,Pacers,2013,Indianapolis-2013,IND-2013,Pacers-2013,98,383,843393,49,1.8,29.6,2,41,626069,66687960,0,463352,423967,39385,449350,876990,21581464,16478224,37,103.4,99,31.62,212.86,9,930
Indianapolis,IND,Pacers,2012,Indianapolis-2012,IND-2012,Pacers-2012,101,283,834852,42,2.2,13.41,2,33,467561,51554083,0,458381,416091,42290,445420,880550,21792239,16182505,36,105.4,102.1,30.59,208.74,8,930
Indianapolis,IND,Pacers,2011,Indianapolis-2011,IND-2011,Pacers-2011,95,269,827517,37,1.6,0,2,41,555077,65088630,0,456014,410961,45053,445395,899882,20332744,15636059,35,104,105,29.13,187.52,7,930
Indianapolis,IND,Pacers,2010,Indianapolis-2010,IND-2010,Pacers-2010,97,281,820445,32,2.6,12.78,2,41,582295,66733257,0,452840,405075,47765,438276,899594,19811074,375727,34,103,105.9,30.03,191.07,6,930
Indianapolis,IND,Pacers,2009,Indianapolis-2009,IND-2009,Pacers-2009,97,303,807584,36,-2.5,23.45,2,41,581472,69668818,0,457524,414853,42671,387977,833999,17792985,14233084,33,107.2,108.2,41.09,252.36,5,930
Oklahoma City,OKC,Thunder,2008,Oklahoma City-2008,OKC-2008,Thunder-2008,82,269,551875,20,-0.1,-38.49,1,41,547556,60861388,0,324124,311404,12720,1403789,3059479,71573749,52686333,0,99.6,108.2,35,229.5,4,930
Orlando,ORL,Magic,2008,Orlando-2008,ORL-2008,Magic-2008,100,322,232321,52,-0.1,-38.49,1,41,709346,58165973,0,603287,566854,36433,479780,966726,22870512,18836911,19,110.4,104.9,38.46,229.82,4,930
Indianapolis,IND,Pacers,2006,Indianapolis-2006,IND-2006,Pacers-2006,110,324,792619,41,2.9,13.62,2,41,663368,78791779,0,461468,438492,22976,377037,790915,18394976,14075454,30,103.1,101,45.79,264.18,2,765
Indianapolis,IND,Pacers,2005,Indianapolis-2005,IND-2005,Pacers-2005,108,311,789250,44,3.5,3,2,41,696764,66064780,0,459492,433930,25562,368995,772627,17436736,13646419,29,103.7,102.7,42.82,252.27,1,765
Indianapolis,IND,Pacers,2004,Indianapolis-2004,IND-2004,Pacers-2004,94,280,787198,61,3.8,8.99,2,41,678326,58156236,0,459140,434021,25119,367614,764432,17102070,13558422,28,102.5,96.1,42.33,250.33,0,765
Los Angeles,LAC,Clippers,2017,Los Angeles-2017,LAC-2017,Clippers-2017,185,2000,3999759,51,2.2,19.42,9,41,782609,114400114,0,5123933,4883640,240293,#N/A,#N/A,#N/A,#N/A,33,111.8,107.5,,,13,2600
Los Angeles,LAC,Clippers,2016,Los Angeles-2016,LAC-2016,Clippers-2016,176,2000,3976322,53,1.6,9.54,8,41,786910,97143243,0,5054938,4789505,265433,4638710,8996480,336172190,231257724,32,107.2,102.6,103.27,437.82,12,930
Los Angeles,LAC,Clippers,2015,Los Angeles-2015,LAC-2015,Clippers-2015,146,1600,3971883,56,2.9,-0.73,7,41,785892,85474394,0,5002332,4671098,331234,4644280,9153410,331317036,224778683,31,111.5,104.7,102.25,435.72,11,930
Los Angeles,LAC,Clippers,2014,Los Angeles-2014,LAC-2014,Clippers-2014,128,575,3928864,57,2.5,11.39,8,41,787692,73210624,0,5004087,4591068,413019,4563010,9121220,310538656,211404525,30,111.3,104,102.25,395.2,10,930
Los Angeles,LAC,Clippers,2013,Los Angeles-2013,LAC-2013,Clippers-2013,108,430,3884307,56,1.8,29.6,8,41,788293,74354449,0,4967167,4482594,484573,4510530,9138010,284888101,200767077,29,109.7,102.8,100.25,369.4,9,930
Los Angeles,LAC,Clippers,2012,Los Angeles-2012,LAC-2012,Clippers-2012,108,324,3857799,40,2.2,13.41,8,33,634237,67333389,0,4915263,4378392,536871,4452130,9126950,288792866,197206295,28,107.5,104.8,99.25,322.88,8,930
Los Angeles,LAC,Clippers,2011,Los Angeles-2011,LAC-2011,Clippers-2011,102,305,3823316,32,1.6,0,8,41,727462,53225329,0,4928464,4327923,600541,4513642,9293169,263676313,191155724,27,104.8,108,95.25,313.86,7,930
Los Angeles,LAC,Clippers,2010,Los Angeles-2010,LAC-2010,Clippers-2010,102,295,3792621,29,2.6,12.78,8,41,670063,61616409,0,4917375,4302274,615101,4413933,9199890,258250080,3567489,26,102.3,109.1,93.29,308.5,6,930
Los Angeles,LAC,Clippers,2009,Los Angeles-2009,LAC-2009,Clippers-2009,102,297,3831868,19,-2.5,23.45,8,40,646830,62764206,0,4914702,4345182,569520,3743429,8145597,198371524,156799566,25,101,110.1,93.25,316.5,5,930
Philadelphia,PHI,76ers,2008,Philadelphia-2008,PHI-2008,76ers-2008,116,380,1540351,40,-0.1,-38.49,4,41,609675,74038229,0,630620,586024,44596,596597,1141057,24612648,20140003,45,105.1,104.6,43,269.48,4,930
Phoenix,PHX,Suns,2008,Phoenix-2008,PHX-2008,Suns-2008,148,449,1569917,61,-0.1,-38.49,4,41,755302,71323049,0,1970741,1864614,106127,1452968,3231382,82664409,64616032,40,112,107,58.26,302.04,4,930
Los Angeles,LAC,Clippers,2006,Los Angeles-2006,LAC-2006,Clippers-2006,95,248,3777502,47,2.9,13.62,8,41,712409,51358645,0,4807873,4577565,230308,3624484,7851566,205725535,151944476,22,103.8,102.2,79.21,271.52,2,765
Los Angeles,LAC,Clippers,2005,Los Angeles-2005,LAC-2005,Clippers-2005,83,224,3794640,37,3.5,3,8,41,696181,45483265,0,4781604,4525223,256381,3563792,7801185,193721348,144474666,21,103.7,104.5,77.66,261.1,1,765
Los Angeles,LAC,Clippers,2004,Los Angeles-2004,LAC-2004,Clippers-2004,72,208,3796018,28,3.8,8.99,8,41,665396,39114363,0,4753481,4445361,308120,3555754,7835515,185725248,140444626,20,101.9,106.6,75.4,261.1,0,765
Los Angeles,LAL,Lakers,2017,Los Angeles-2017,LAL-2017,Lakers-2017,333,3000,3999759,26,2.2,19.42,9,41,776917,87938201,0,5123933,4883640,240293,#N/A,#N/A,#N/A,#N/A,57,105.3,112,,,13,2600
Los Angeles,LAL,Lakers,2016,Los Angeles-2016,LAL-2016,Lakers-2016,304,2700,3976322,17,1.6,9.54,8,41,778877,72344156,0,5054938,4789505,265433,4638710,8996480,336172190,231257724,56,100.7,110.3,79.83,545.08,12,930
Los Angeles,LAL,Lakers,2015,Los Angeles-2015,LAL-2015,Lakers-2015,293,2600,3971883,21,2.9,-0.73,7,41,768244,77336807,0,5002332,4671098,331234,4644280,9153410,331317036,224778683,55,102.2,109.4,78.43,541,11,930
Los Angeles,LAL,Lakers,2014,Los Angeles-2014,LAL-2014,Lakers-2014,295,1350,3928864,27,2.5,11.39,8,41,771974,85112599,1,5004087,4591068,413019,4563010,9121220,310538656,211404525,54,103.2,109.3,65.55,542,10,930
Los Angeles,LAL,Lakers,2013,Los Angeles-2013,LAL-2013,Lakers-2013,197,1000,3884307,45,1.8,29.6,8,41,778877,100451593,2,4967167,4482594,484573,4510530,9138010,284888101,200767077,53,107,105.9,63.1,518,9,930
Los Angeles,LAL,Lakers,2012,Los Angeles-2012,LAL-2012,Lakers-2012,208,900,3857799,41,2.2,13.41,8,33,626901,88264478,2,4915263,4378392,536871,4452130,9126950,288792866,197206295,52,104.5,103.1,51.47,514,8,930
Los Angeles,LAL,Lakers,2011,Los Angeles-2011,LAL-2011,Lakers-2011,214,643,3823316,57,1.6,0,8,41,778877,91428140,2,4928464,4327923,600541,4513642,9293169,263676313,191155724,51,109.6,103.2,51.47,488.98,7,930
Los Angeles,LAL,Lakers,2010,Los Angeles-2010,LAL-2010,Lakers-2010,209,607,3792621,57,2.6,12.78,8,41,778877,91378064,2,4917375,4302274,615101,4413933,9199890,258250080,3567489,50,107.6,102.7,53.5,475.48,6,930
Los Angeles,LAL,Lakers,2009,Los Angeles-2009,LAL-2009,Lakers-2009,209,584,3831868,65,-2.5,23.45,8,41,778877,78245793,1,4914702,4345182,569520,3743429,8145597,198371524,156799566,49,111.4,103.5,54.5,479.48,5,930
Portland,POR,Trail Blazers,2008,Portland-2008,POR-2008,Trail Blazers-2008,114,253,556442,41,-0.1,-38.49,1,41,801566,73241335,0,388379,365522,22857,316840,596432,17134609,13042769,38,105.9,106.7,47.34,251.86,4,930
Sacramento,SAC,Kings,2008,Sacramento-2008,SAC-2008,Kings-2008,117,385,461036,38,-0.1,-38.49,1,41,580181,63403225,0,679394,630283,49111,553776,1193876,30330660,23714738,23,106.1,108.6,59.8,318.3,4,930
Los Angeles,LAL,Lakers,2006,Los Angeles-2006,LAL-2006,Lakers-2006,167,529,3777502,45,2.9,13.62,8,41,774189,72917945,1,4807873,4577565,230308,3624484,7851566,205725535,151944476,46,106.8,104.2,46.38,402.84,2,765
Los Angeles,LAL,Lakers,2005,Los Angeles-2005,LAL-2005,Lakers-2005,156,510,3794640,34,3.5,3,8,41,770494,65059098,2,4781604,4525223,256381,3563792,7801185,193721348,144474666,45,106.4,109.5,43.4,396.14,1,765
Los Angeles,LAL,Lakers,2004,Los Angeles-2004,LAL-2004,Lakers-2004,149,447,3796018,56,3.8,8.99,8,41,777757,64123085,3,4753481,4445361,308120,3555754,7835515,185725248,140444626,44,104.2,100.1,43.4,387.1,0,765
Memphis,MEM,Grizzlies,2017,Memphis-2017,MEM-2017,Grizzlies-2017,155,790,652236,43,2.2,19.42,1,41,677314,107125223,0,439415,420439,18976,#N/A,#N/A,#N/A,#N/A,16,107,106.5,,,13,2600
Memphis,MEM,Grizzlies,2016,Memphis-2016,MEM-2016,Grizzlies-2016,147,780,652717,42,1.6,9.54,1,41,684603,82972532,0,434261,411126,23135,431650,836590,25467506,19080632,15,104.7,107,31.48,223.92,12,930
Memphis,MEM,Grizzlies,2015,Memphis-2015,MEM-2015,Grizzlies-2015,135,750,655770,55,2.9,-0.73,1,41,710502,74199160,0,429297,401766,27531,439280,863550,25785405,18934764,14,104.7,101.2,31.48,223.92,11,930
Memphis,MEM,Grizzlies,2014,Memphis-2014,MEM-2014,Grizzlies-2014,126,453,656861,50,2.5,11.39,1,41,685458,72807659,0,427667,395109,32558,439940,872770,25114506,18484845,13,105.4,103.7,30.04,212.16,10,930
Memphis,MEM,Grizzlies,2013,Memphis-2013,MEM-2013,Grizzlies-2013,96,377,653450,56,1.8,29.6,1,41,681613,62954838,0,438627,399995,38632,442430,883100,24144252,18255652,12,103.6,99.1,29.49,213.96,9,930
Memphis,MEM,Grizzlies,2012,Memphis-2012,MEM-2012,Grizzlies-2012,99,269,655155,41,2.2,13.41,1,33,518256,70628007,0,446126,407723,38403,443170,891120,24644310,18275341,11,102.8,100.6,22.95,192.8,8,930
Memphis,MEM,Grizzlies,2011,Memphis-2011,MEM-2011,Grizzlies-2011,92,266,651348,46,1.6,0,1,41,600687,70241344,0,451309,408345,42964,467933,922739,23205537,17889951,10,107,104.5,23.18,173.72,7,930
Memphis,MEM,Grizzlies,2010,Memphis-2010,MEM-2010,Grizzlies-2010,88,257,646889,40,2.6,12.78,1,41,552914,57287474,0,448829,405047,43782,460647,918144,22505869,391174,9,107.5,108.9,24.12,177.42,6,930
Memphis,MEM,Grizzlies,2009,Memphis-2009,MEM-2009,Grizzlies-2009,88,294,676640,24,-2.5,23.45,1,40,509806,55958148,0,438125,393849,44276,383418,831947,18709495,15279318,8,102.3,108.2,24.11,182.94,5,930
San Antonio,SAS,Spurs,2008,San Antonio-2008,SAS-2008,Spurs-2008,138,405,1349274,56,-0.1,-38.49,1,41,761149,70048523,2,748686,713891,34795,658418,1421343,31538740,24529473,32,106,100.7,51.45,303.79,4,930
Salt Lake City,UTA,Jazz,2008,Salt Lake City-2008,UTA-2008,Jazz-2008,119,342,180722,54,-0.1,-38.49,2,41,816211,64959089,0,557692,538772,18920,398893,957009,22259156,17711250,29,112.1,104.9,41.31,235.75,4,930
Memphis,MEM,Grizzlies,2006,Memphis-2006,MEM-2006,Grizzlies-2006,101,294,682024,49,2.9,13.62,1,41,647533,67525538,0,444671,419148,25523,373409,807415,19516449,15227661,5,104.5,100.3,35.29,222.14,2,765
Memphis,MEM,Grizzlies,2005,Memphis-2005,MEM-2005,Grizzlies-2005,98,238,680515,45,3.5,3,1,41,691362,67010830,0,428931,402211,26720,367085,801764,18639212,14655849,4,104.2,101.5,41,248.5,1,765
Memphis,MEM,Grizzlies,2004,Memphis-2004,MEM-2004,Grizzlies-2004,63,227,681573,50,3.8,8.99,1,41,622723,57378323,0,426615,401090,25525,366357,800326,18325140,14521818,3,103.4,100.7,38.22,237.38,0,765
Miami,MIA,Heat,2017,Miami-2017,MIA-2017,Heat-2017,210,1350,463347,41,2.2,19.42,4,41,805400,101513503,1,1384224,1317493,66731,#N/A,#N/A,#N/A,#N/A,29,107.4,106.4,,,13,2600
Miami,MIA,Heat,2016,Miami-2016,MIA-2016,Heat-2016,180,1300,453579,48,1.6,9.54,4,41,809350,85716053,2,1333801,1262998,70803,1283530,2281850,68906078,49108943,28,105.4,103.7,76.73,465.92,12,930
Miami,MIA,Heat,2015,Miami-2015,MIA-2015,Heat-2015,188,1175,441003,37,2.9,-0.73,4,41,808223,82407001,2,1317053,1239626,77427,1296670,2332780,77207204,50307080,27,103.2,106.1,78.3,468.2,11,930
Miami,MIA,Heat,2014,Miami-2014,MIA-2014,Heat-2014,188,770,430332,54,2.5,11.39,4,41,811036,87114705,2,1320102,1231286,88816,1267780,2295960,70662363,47049861,26,110,105,78.3,472.2,10,930
Miami,MIA,Heat,2013,Miami-2013,MIA-2013,Heat-2013,150,625,417650,66,1.8,29.6,4,41,819290,83268912,2,1291199,1195237,95962,1276280,2295590,63801638,44867151,25,111.4,103.2,72.5,445,9,930
Miami,MIA,Heat,2012,Miami-2012,MIA-2012,Heat-2012,158,457,413892,46,2.2,13.41,4,33,657855,77120306,1,1282458,1176385,106073,1287860,2293830,67641942,43443170,24,105.6,99.2,67,423,8,930
Miami,MIA,Heat,2011,Miami-2011,MIA-2011,Heat-2011,124,425,410335,58,1.6,0,4,41,810930,66205855,0,1255105,1137041,118064,1445982,2424052,63288828,44755405,23,110.6,102.9,60.5,380,7,930
Miami,MIA,Heat,2010,Miami-2010,MIA-2010,Heat-2010,126,364,399457,47,2.6,12.78,4,41,726935,74208013,1,1225397,1089226,136171,1413772,2428887,59556617,1114593,22,105.6,103.4,58.57,372.2,6,930
Miami,MIA,Heat,2009,Miami-2009,MIA-2009,Heat-2009,126,393,433136,43,-2.5,23.45,4,40,729178,70297059,1,1209622,1083804,125818,1070319,2080086,43660793,35560490,21,106.7,106.4,58.55,352.2,5,930
Toronto,TOR,Raptors,2008,Toronto-2008,TOR-2008,Raptors-2008,138,373,,41,-0.1,-38.49,4,41,796835,66042375,0,#N/A,#N/A,#N/A,#N/A,#N/A,#N/A,#N/A,13,108.9,105.6,55.11,320.47,4,930
District of Columbia,WAS,Wizards,2008,District of Columbia-2008,WAS-2008,Wizards-2008,118,348,590074,43,-0.1,-38.49,5,41,736461,65278996,0,330544,309192,21352,270244,437943,18316800,14126057,35,107.6,107.9,30.89,194.56,4,930
Miami,MIA,Heat,2006,Miami-2006,MIA-2006,Heat-2006,132,362,412460,52,2.9,13.62,4,41,818149,60732452,1,1192179,1159006,33173,982725,1949252,45006496,33159715,18,107.5,103.4,50.87,297.46,2,765
Miami,MIA,Heat,2005,Miami-2005,MIA-2005,Heat-2005,119,279,390768,59,3.5,3,4,41,815143,59523529,0,1147797,1111437,36360,954597,1923685,41627906,30674518,17,108.8,102.1,46.25,278.98,1,765
Miami,MIA,Heat,2004,Miami-2004,MIA-2004,Heat-2004,91,236,378946,42,3.8,8.99,4,41,624809,47349374,0,1106508,1062894,43614,943870,1929521,39376259,29555301,16,100.5,100.3,46.25,278.98,0,765
Milwaukee,MIL,Bucks,2017,Milwaukee-2017,MIL-2017,Bucks-2017,146,785,595351,42,2.2,19.42,2,41,648952,96142528,0,478333,458982,19351,#N/A,#N/A,#N/A,#N/A,49,108.5,108.7,,,13,2600
Milwaukee,MIL,Bucks,2016,Milwaukee-2016,MIL-2016,Bucks-2016,126,675,595047,33,1.6,9.54,2,41,621808,73820190,0,478435,454700,23735,439410,813830,24199215,18020623,48,103.3,107.8,50.3,325.85,12,930
Milwaukee,MIL,Bucks,2015,Milwaukee-2015,MIL-2015,Bucks-2015,110,600,600155,41,2.9,-0.73,2,41,611226,64064915,0,477410,449974,27436,449530,839650,24296631,18041634,47,101.9,101.3,50.3,325.85,11,930
Milwaukee,MIL,Bucks,2014,Milwaukee-2014,MIL-2014,Bucks-2014,109,405,599642,15,2.5,11.39,2,41,552967,62060944,0,478784,445882,32902,449660,847540,23804421,17376686,46,101.8,110.1,47.7,309.3,10,930
Milwaukee,MIL,Bucks,2013,Milwaukee-2013,MIL-2013,Bucks-2013,87,312,599164,38,1.8,29.6,2,41,616469,62476395,0,479059,438842,40217,450140,853720,22384735,16796869,45,102.5,104.2,48.71,313.84,9,930
Milwaukee,MIL,Bucks,2012,Milwaukee-2012,MIL-2012,Bucks-2012,92,268,598916,31,2.2,13.41,2,33,485717,60192388,0,476476,435430,41046,446770,856910,22463825,16623068,44,104.5,104.1,46,289,8,930
Milwaukee,MIL,Bucks,2011,Milwaukee-2011,MIL-2011,Bucks-2011,92,258,597600,35,1.6,0,2,41,631910,69076690,0,477614,433278,44336,451734,878117,21178457,16226416,43,100.7,101.5,46,265.98,7,930
Milwaukee,MIL,Bucks,2010,Milwaukee-2010,MIL-2010,Bucks-2010,91,254,594833,46,2.6,12.78,2,41,619453,66775602,0,476456,428841,47615,458405,891283,20762222,374732,42,104,101.9,47.87,265.98,6,930
Milwaukee,MIL,Bucks,2009,Milwaukee-2009,MIL-2009,Bucks-2009,91,278,605013,34,-2.5,23.45,2,41,630976,71360656,0,467652,423498,44154,398392,815986,18407748,14716860,41,105.2,106.3,47.86,273.42,5,930
Atlanta,ATL,Hawks,2007,Atlanta-2007,ATL-2007,Hawks-2007,95,275,519569,30,1.9,3.53,4,41,639375,48581972,0,393836,374934,18902,307863,599166,15809199,12381339,39,101.9,107,0,261.2,3,765
Boston,BOS,Celtics,2007,Boston-2007,BOS-2007,Celtics-2007,117,367,622748,24,1.9,3.53,5,41,690576,62981479,0,364284,347532,16752,330219,545627,18616961,14322882,61,102.3,105.8,0,309.14,3,765
Milwaukee,MIL,Bucks,2006,Milwaukee-2006,MIL-2006,Bucks-2006,87,231,602782,40,2.9,13.62,2,41,681337,63022514,0,454893,429034,25859,392952,792609,18920165,14476053,38,104.8,105.9,42.78,249.1,2,765
Milwaukee,MIL,Bucks,2005,Milwaukee-2005,MIL-2005,Bucks-2005,78,199,601983,30,3.5,3,2,41,637009,57448246,0,451298,425389,25909,382317,777410,17831298,13860719,37,105.1,108.1,39.71,236.82,1,765
Milwaukee,MIL,Bucks,2004,Milwaukee-2004,MIL-2004,Bucks-2004,70,174,601081,41,3.8,8.99,2,41,690180,53229826,0,458562,429695,28867,381804,772502,17458320,13723790,36,104.6,103.5,39.13,234.49,0,765
Minneapolis,MIN,Timberwolves,2017,Minneapolis-2017,MIN-2017,Timberwolves-2017,154,770,422331,31,2.2,19.42,5,41,607203,78322537,0,698457,677339,21118,#N/A,#N/A,#N/A,#N/A,28,110,110.9,,,13,2600
Minneapolis,MIN,Timberwolves,2016,Minneapolis-2016,MIN-2016,Timberwolves-2016,146,720,413651,29,1.6,9.54,4,41,581178,73934448,0,688117,665204,22913,636450,1146580,58198242,40409103,27,105.4,109,37.27,281.06,12,930
Minneapolis,MIN,Timberwolves,2015,Minneapolis-2015,MIN-2015,Timberwolves-2015,128,625,410939,16,2.9,-0.73,4,41,595652,69322836,0,676859,654708,22151,634140,1147410,56625896,39452709,26,101.8,110.9,37.27,281.06,11,930
Minneapolis,MIN,Timberwolves,2014,Minneapolis-2014,MIN-2014,Timberwolves-2014,116,430,407207,40,2.5,11.39,4,41,597157,67626073,0,672435,647004,25431,624350,1137330,54205667,37066265,25,107.7,105.1,35.5,273.98,10,930
Minneapolis,MIN,Timberwolves,2013,Minneapolis-2013,MIN-2013,Timberwolves-2013,96,364,400070,31,1.8,29.6,4,41,669956,69001896,0,666831,636298,30533,614540,1125530,49474180,35305725,24,101.8,104,34.8,261.18,9,930
Minneapolis,MIN,Timberwolves,2012,Minneapolis-2012,MIN-2012,Timberwolves-2012,97,272,392880,26,2.2,13.41,4,33,577197,56844339,0,659812,625310,34502,604430,1113900,50469031,34770402,23,103.1,105.3,31.5,225.5,8,930
Minneapolis,MIN,Timberwolves,2011,Minneapolis-2011,MIN-2011,Timberwolves-2011,95,264,388227,17,1.6,0,4,41,624960,53461123,0,656063,616331,39732,603100,1124318,45032495,32879817,22,103.1,109.9,31.5,221.5,7,930
Minneapolis,MIN,Timberwolves,2010,Minneapolis-2010,MIN-2010,Timberwolves-2010,96,268,382578,15,2.6,12.78,4,41,619170,62253360,0,650891,605294,45597,592400,1114221,43886186,500458,21,100.6,110.4,34.5,225.5,6,930
Minneapolis,MIN,Timberwolves,2009,Minneapolis-2009,MIN-2009,Timberwolves-2009,96,301,385378,24,-2.5,23.45,4,41,594743,66445144,0,656192,608540,47652,509152,1012223,35258030,27812810,20,104.9,109.9,36.26,230.04,5,930
Charlotte,CHA,Hornets,2007,Charlotte-2007,CHA-2007,Hornets-2007,93,277,669690,33,1.9,3.53,2,41,637520,41964046,0,456736,436055,20681,384630,803067,24928902,19191959,2,102.3,106.2,0,182.3,3,765
Chicago,CHI,Bulls,2007,Chicago-2007,CHI-2007,Bulls-2007,161,461,2811035,49,1.9,3.53,6,41,912364,54754904,0,2615750,2478215,137535,2350974,4754875,135079847,99573469,41,104,98.8,0,301.49,3,765
Minneapolis,MIN,Timberwolves,2006,Minneapolis-2006,MIN-2006,Timberwolves-2006,103,303,375766,33,2.9,13.62,4,41,662167,61830186,0,649356,626223,23133,521350,998617,36812982,26920537,17,101.5,103.5,40.6,238.39,2,765
Minneapolis,MIN,Timberwolves,2005,Minneapolis-2005,MIN-2005,Timberwolves-2005,101,291,375512,44,3.5,3,4,41,704438,70123411,0,652568,628595,23973,482285,954015,35073242,25732748,16,106.6,105,38.15,220.08,1,765
Minneapolis,MIN,Timberwolves,2004,Minneapolis-2004,MIN-2004,Timberwolves-2004,85,230,375354,58,3.8,8.99,4,41,723071,71272042,0,657468,628479,28989,480326,953373,33587956,25060034,15,104.2,98.5,37.01,219.54,0,765
New Orleans,NOP,Pelicans,2017,New Orleans-2017,NOP-2017,Pelicans-2017,156,750,393292,34,2.2,19.42,2,41,663099,95036776,0,179465,170264,9201,#N/A,#N/A,#N/A,#N/A,15,104.6,106.7,,,13,2600
New Orleans,NOP,Pelicans,2016,New Orleans-2016,NOP-2016,Pelicans-2016,142,650,391495,30,1.6,9.54,2,41,688549,81652543,0,180378,169836,10542,160470,283770,9730182,6760247,14,104.8,108.4,30.2,221.8,12,930
New Orleans,NOP,Pelicans,2015,New Orleans-2015,NOP-2015,Pelicans-2015,131,650,389617,45,2.9,-0.73,2,41,683757,74407242,0,182334,170454,11880,164320,290700,9952763,6694197,13,107.1,106.3,30.2,221.8,11,930
New Orleans,NOP,Pelicans,2014,New Orleans-2014,NOP-2014,Pelicans-2014,116,420,384320,34,2.5,11.39,2,41,672029,66356450,0,179296,166838,12458,163260,290240,10317336,6346717,12,106.1,109.1,26.87,208.48,10,930
New Orleans,NOP,Pelicans,2013,New Orleans-2013,NOP-2013,Pelicans-2013,100,340,378715,27,1.8,29.6,2,41,565930,63901224,0,173465,160741,12724,162180,288740,9061727,6147383,11,104.5,108.9,29.85,220.4,9,930
New Orleans,NOP,Pelicans,2012,New Orleans-2012,NOP-2012,Pelicans-2012,109,285,369250,21,2.2,13.41,2,33,498618,65441008,0,168791,155488,13303,163360,293860,9489316,6123970,10,99.8,103.9,30.49,217.96,8,930
New Orleans,NOP,Pelicans,2011,New Orleans-2011,NOP-2011,Pelicans-2011,100,280,360341,46,1.6,0,2,41,603088,68230729,0,165726,151413,14313,160299,283631,7388667,5401926,9,105.3,104.4,29.26,209.04,7,930
New Orleans,NOP,Pelicans,2010,New Orleans-2010,NOP-2010,Pelicans-2010,95,267,343829,37,2.6,12.78,2,41,620366,70163827,0,162592,148465,14127,155624,282255,7314828,128889,8,106.4,108.9,29.26,199,6,930
New Orleans,NOP,Pelicans,2009,New Orleans-2009,NOP-2009,Pelicans-2009,95,285,354850,49,-2.5,23.45,2,41,695727,67530808,0,145831,134275,11556,122711,237676,5356467,4266814,7,107.6,105.8,25.17,192.68,5,930
Cleveland,CLE,Cavaliers,2007,Cleveland-2007,CLE-2007,Cavaliers-2007,152,380,438068,50,1.9,3.53,3,41,837883,62992729,0,653686,616532,37154,622105,1161580,30473538,22163145,37,104.3,100.6,0,293.58,3,765
Dallas,DAL,Mavericks,2007,Dallas-2007,DAL-2007,Mavericks-2007,140,463,1266372,67,1.9,3.53,5,41,834411,88531846,0,1137194,1085427,51767,953315,2077034,50561600,38892178,27,109.7,102.1,0,313.96,3,765
New Orleans,NOP,Pelicans,2006,New Orleans-2006,NOP-2006,Pelicans-2006,83,225,208548,38,2.9,13.62,1,41,744920,41277617,0,N.A.,N.A.,N.A.,90403,178582,3851135,2913209,4,102.2,105,28.61,206.44,2,765
New Orleans,NOP,Pelicans,2005,New Orleans-2005,NOP-2005,Pelicans-2005,78,0,455188,18,3.5,3,1,41,583070,56572882,0,N.A.,N.A.,N.A.,64252,128915,2486227,1951720,3,98.2,105.9,31,216,1,765
New Orleans,NOP,Pelicans,2004,New Orleans-2004,NOP-2004,Pelicans-2004,80,216,461915,41,3.8,8.99,2,41,587613,49800204,0,196115,184460,11655,168933,349435,6434057,4840882,2,100.7,100.6,33.35,235.39,0,765
New Jersey,NJN,Nets,2012,New Jersey-2012,NJN-2012,Nets-2012,89,357,8336697,22,2.2,13.41,10,33,460719,65281235,0,484170,446933,37237,454440,881200,46287257,31060979,36,101.8,108.1,37.06,272.74,8,930
New Jersey,NJN,Nets,2011,New Jersey-2011,NJN-2011,Nets-2011,89,312,8269639,24,1.6,0,10,41,581378,58495989,0,481389,444264,37125,454847,883358,42961404,30185226,35,102.1,108.9,40.5,261.5,7,930
New Jersey,NJN,Nets,2010,New Jersey-2010,NJN-2010,Nets-2010,92,269,8175133,12,2.6,12.78,10,41,537230,59366715,0,478642,440196,38446,450240,880004,42015714,357858,34,99.3,108.9,44.51,276.03,6,930
New Jersey,NJN,Nets,2009,New Jersey-2009,NJN-2009,Nets-2009,92,295,8391881,34,-2.5,23.45,10,41,621062,62666523,0,481104,443640,37464,377878,798727,32882069,25074181,33,106.8,109.5,54.98,309.42,5,930
Denver,DEN,Nuggets,2007,Denver-2007,DEN-2007,Nuggets-2007,104,309,578789,45,1.9,3.53,5,41,706437,65517776,0,314781,301750,13031,272298,501613,15026361,10855440,31,106.7,105.1,0,264.88,3,765
Detroit,DET,Pistons,2007,Detroit-2007,DET-2007,Pistons-2007,154,429,917234,53,1.9,3.53,4,41,905116,59010951,1,883501,810552,72949,805073,1657781,36251195,27275308,50,107.4,102.5,0,276.93,3,765
New Jersey,NJN,Nets,2006,New Jersey-2006,NJN-2006,Nets-2006,93,271,8250567,49,2.9,13.62,10,41,691543,66449350,0,471181,452733,18448,370498,781987,34506574,24598102,30,102.4,100.8,55.44,312.76,2,765
New Jersey,NJN,Nets,2005,New Jersey-2005,NJN-2005,Nets-2005,87,296,8213839,42,3.5,3,10,41,618681,54983980,0,465823,448415,17408,366519,777987,32378648,23484152,29,99.9,101.6,55.44,312.76,1,765
New Jersey,NJN,Nets,2004,New Jersey-2004,NJN-2004,Nets-2004,94,244,8169940,47,3.8,8.99,10,41,613051,63697123,0,461732,442672,19060,368730,787118,31421938,23090431,28,99,96.4,54.36,308.45,0,765
New York,NYK,Knicks,2017,New York-2017,NYK-2017,Knicks-2017,376,3300,8622698,31,2.2,19.42,11,41,810741,103062240,0,939689,901733,37956,#N/A,#N/A,#N/A,#N/A,71,107.1,110.7,,,13,2600
New York,NYK,Knicks,2016,New York-2016,NYK-2016,Knicks-2016,307,3000,8537673,32,1.6,9.54,11,41,812292,74168903,0,932124,889769,42355,9588900,17400680,769808615,521539503,70,103.9,106.6,129.38,676.42,12,930
New York,NYK,Knicks,2015,New York-2015,NYK-2015,Knicks-2015,278,2500,8550405,17,2.9,-0.73,11,41,812292,81403346,0,920921,876135,44786,9614110,17542570,782771380,516819001,69,98.9,109,129.38,676.42,11,930
New York,NYK,Knicks,2014,New York-2014,NYK-2014,Knicks-2014,287,1400,8491079,37,2.5,11.39,10,41,812292,89069657,0,913131,857230,55901,9523340,17502220,755698876,492995724,68,107,108,129.38,659.92,10,930
New York,NYK,Knicks,2013,New York-2013,NYK-2013,Knicks-2013,243,1100,8405837,54,1.8,29.6,10,41,780353,79323074,0,904861,836910,67951,9442110,17477410,698571811,468303185,67,109.8,105.4,123.22,643.78,9,930
New York,NYK,Knicks,2012,New York-2012,NYK-2012,Knicks-2012,244,780,8336697,36,2.2,13.41,10,33,652179,77093212,0,894987,823126,71861,9362160,17410910,700278388,459546645,66,103.4,100.2,117.47,608.78,8,930
New York,NYK,Knicks,2011,New York-2011,NYK-2011,Knicks-2011,226,655,8269639,42,1.6,0,10,41,808879,67016562,0,882224,813275,68949,9386996,17469401,646226680,449065034,65,109.9,109,88.66,505.64,7,930
New York,NYK,Knicks,2010,New York-2010,NYK-2010,Knicks-2010,202,586,8175133,29,2.6,12.78,10,41,799550,85710076,0,881204,805555,75649,9269139,17395617,628186383,7499430,64,106.4,110.3,88.66,411.17,6,930
New York,NYK,Knicks,2009,New York-2009,NYK-2009,Knicks-2009,202,613,8391881,32,-2.5,23.45,10,41,790801,96643646,0,931604,852963,78641,8060011,16100808,476739211,374242174,63,106.9,109.4,70.51,420.04,5,930
Oakland,GSW,Warriors,2007,Oakland-2007,GSW-2007,Warriors-2007,103,267,397441,42,1.9,3.53,7,41,742267,65012368,0,745198,710144,35054,637347,1314055,44414299,34256450,45,106.2,106.5,0,188.52,3,765
Houston,HOU,Rockets,2007,Houston-2007,HOU-2007,Rockets-2007,149,439,2206573,52,1.9,3.53,4,41,678362,63837566,0,1898209,1818000,80209,1547068,3436765,89933750,71282146,36,104.7,99.7,0,254.07,3,765
New York,NYK,Knicks,2006,New York-2006,NYK-2006,Knicks-2006,185,543,8250567,23,2.9,13.62,10,41,776176,126631098,0,909103,869930,39173,7815024,15726279,472321501,351207908,60,102.7,109.3,70.51,388.04,2,765
New York,NYK,Knicks,2005,New York-2005,NYK-2005,Knicks-2005,181,494,8213839,33,3.5,3,10,41,800144,102567539,0,902717,857093,45624,7610223,15509592,441306023,332740483,59,104.5,107.2,70.51,388.04,1,765
New York,NYK,Knicks,2004,New York-2004,NYK-2004,Knicks-2004,160,401,8169940,39,3.8,8.99,10,41,785739,89444820,0,883902,829168,54734,7590480,15584171,427821052,325474793,58,99.7,101.3,64.1,362.39,0,765
Oklahoma City,OKC,Thunder,2017,Oklahoma City-2017,OKC-2017,Thunder-2017,187,1025,643648,47,2.2,19.42,1,41,746323,84528917,0,378076,362857,15219,#N/A,#N/A,#N/A,#N/A,9,107.9,107,,,13,2600
Oklahoma City,OKC,Thunder,2016,Oklahoma City-2016,OKC-2016,Thunder-2016,157,950,638367,55,1.6,9.54,1,41,746323,93888376,0,374974,358861,16113,1616290,3308850,92416734,65468274,8,112.1,104.8,55.1,296.4,12,930
Oklahoma City,OKC,Thunder,2015,Oklahoma City-2015,OKC-2015,Thunder-2015,152,930,631346,45,2.9,-0.73,1,41,746323,80146722,0,374832,360036,14796,1641910,3359180,96875414,67190264,7,106.7,104.6,51.35,295.4,11,930
Oklahoma City,OKC,Thunder,2014,Oklahoma City-2014,OKC-2014,Thunder-2014,144,590,620602,59,2.5,11.39,1,41,746323,71009755,0,369067,353620,15447,1639760,3357080,97595703,66228871,6,109.4,103,51.35,295.4,10,930
Oklahoma City,OKC,Thunder,2013,Oklahoma City-2013,OKC-2013,Thunder-2013,127,475,610613,60,1.8,29.6,1,41,746323,67863244,0,368547,350727,17820,1630460,3356960,92199851,63923380,5,111,101.2,47.15,278.6,9,930
Oklahoma City,OKC,Thunder,2012,Oklahoma City-2012,OKC-2012,Thunder-2012,126,348,599199,47,2.2,13.41,1,33,600699,59501709,0,365892,348402,17490,1613320,3333290,92795249,62224746,4,108.4,102.1,47.15,280.6,8,930
Oklahoma City,OKC,Thunder,2011,Oklahoma City-2011,OKC-2011,Thunder-2011,118,329,589408,55,1.6,0,1,41,744068,55922488,0,357336,338450,18886,1616840,3358954,84777772,59698827,3,109.8,105.9,45.99,255.96,7,930
Oklahoma City,OKC,Thunder,2010,Oklahoma City-2010,OKC-2010,Thunder-2010,111,310,579999,50,2.6,12.78,1,41,738149,58578614,0,354254,332486,21768,1587566,3334388,79386920,1322626,2,107,103.5,47.12,255.96,6,930
Oklahoma City,OKC,Thunder,2009,Oklahoma City-2009,OKC-2009,Thunder-2009,111,300,560333,23,-2.5,23.45,1,40,747732,68341605,0,325899,305990,19909,1393368,3067236,66369831,50711590,1,101.4,107.6,36.35,237.4,5,930
Indianapolis,IND,Pacers,2007,Indianapolis-2007,IND-2007,Pacers-2007,107,340,796611,35,1.9,3.53,2,41,629750,63118965,0,460046,439218,20828,416169,853224,19223207,14735027,31,101.8,104.3,0,250.57,3,765
Orlando,ORL,Magic,2017,Orlando-2017,ORL-2017,Magic-2017,166,920,280257,29,2.2,19.42,2,41,727875,105835222,0,731398,704715,26683,#N/A,#N/A,#N/A,#N/A,28,103.7,110.3,,,13,2600
Orlando,ORL,Magic,2016,Orlando-2016,ORL-2016,Magic-2016,143,900,277173,35,1.6,9.54,2,41,719275,63445957,0,706819,676243,30576,629840,1170210,34948971,26893701,27,104.4,106,39.4,263.1,12,930
Orlando,ORL,Magic,2015,Orlando-2015,ORL-2015,Magic-2015,143,875,270934,25,2.9,-0.73,1,41,688194,59629211,0,686092,651611,34481,627640,1174740,35949168,26501487,26,101,106.8,39.4,263.1,11,930
Orlando,ORL,Magic,2014,Orlando-2014,ORL-2014,Magic-2014,139,560,262372,23,2.5,11.39,1,41,666046,79203238,0,676557,637038,39519,607460,1142470,32106641,24483411,25,100.9,106.6,39.4,263.1,10,930
Orlando,ORL,Magic,2013,Orlando-2013,ORL-2013,Magic-2013,126,470,255483,20,1.8,29.6,1,41,721414,87114818,0,663087,618150,44937,594440,1128010,29895910,23071180,24,100.9,108.3,41.18,265.22,9,930
Orlando,ORL,Magic,2012,Orlando-2012,ORL-2012,Magic-2012,140,385,249562,37,2.2,13.41,1,33,623587,87955505,0,653886,600251,53635,581080,1109340,29471649,22171010,23,103.9,103.3,43.65,275.9,8,930
Orlando,ORL,Magic,2011,Orlando-2011,ORL-2011,Magic-2011,108,385,243329,52,1.6,0,1,41,777852,90770804,0,642178,579251,62927,601159,1122667,27758706,21481301,22,107.4,101.8,43,263.5,7,930
Orlando,ORL,Magic,2010,Orlando-2010,ORL-2010,Magic-2010,107,361,238300,59,2.6,12.78,1,41,715901,82200916,0,635299,566478,68821,576280,1093622,25910495,488138,21,110.7,102.7,40.3,234.7,6,930
Orlando,ORL,Magic,2009,Orlando-2009,ORL-2009,Magic-2009,107,349,235860,59,-2.5,23.45,1,41,698768,69672979,0,596021,533867,62154,479678,972520,21467750,17891127,20,108.3,101.3,40.3,234.7,5,930
Los Angeles,LAC,Clippers,2007,Los Angeles-2007,LAC-2007,Clippers-2007,98,285,3778658,40,1.9,3.53,8,41,755261,59181038,0,4864160,4614776,249384,4005895,8405456,218153391,161985647,23,103.8,104.2,0,298.96,3,765
Los Angeles,LAL,Lakers,2007,Los Angeles-2007,LAL-2007,Lakers-2007,170,568,3778658,42,1.9,3.53,8,41,778415,77099949,0,4864160,4614776,249384,4005895,8405456,218153391,161985647,47,107.3,107.4,0,438.52,3,765
Orlando,ORL,Magic,2006,Orlando-2006,ORL-2006,Magic-2006,89,247,224824,36,2.9,13.62,1,41,638005,75784782,0,575327,557220,18107,458344,926292,22951631,17796140,17,105.2,106.5,37.66,223.68,2,765
Orlando,ORL,Magic,2005,Orlando-2005,ORL-2005,Magic-2005,82,218,216501,36,3.5,3,1,41,597942,66445249,0,553951,533969,19982,445646,906793,21434033,16604536,16,103.4,105.6,37.66,223.68,1,765
Orlando,ORL,Magic,2004,Orlando-2004,ORL-2004,Magic-2004,80,199,209401,21,3.8,8.99,1,41,589144,50588419,0,530884,506346,24538,433065,889483,19800228,15680618,15,101.3,108.8,35.9,216.59,0,765
Philadelphia,PHI,76ers,2017,Philadelphia-2017,PHI-2017,76ers-2017,140,800,1580863,28,2.2,19.42,5,41,710557,70265604,0,704053,660073,43980,#N/A,#N/A,#N/A,#N/A,54,102.7,108.2,,,13,2600
Philadelphia,PHI,76ers,2016,Philadelphia-2016,PHI-2016,76ers-2016,124,700,1567872,10,1.6,9.54,5,41,610121,63526527,0,703565,655996,47569,673540,1190080,33870602,26262344,53,98.4,108.6,38.46,275.74,12,930
Philadelphia,PHI,76ers,2015,Philadelphia-2015,PHI-2015,76ers-2015,125,700,1567442,18,2.9,-0.73,5,41,571572,56219939,0,695540,646080,49460,673370,1204400,33042095,25654987,52,94.8,103.9,39.25,278.9,11,930
Philadelphia,PHI,76ers,2014,Philadelphia-2014,PHI-2014,76ers-2014,117,469,1560297,19,2.5,11.39,5,41,568632,53308029,0,691042,634989,56053,671090,1212170,31784811,24291817,51,99,109,39.25,266.4,10,930
Philadelphia,PHI,76ers,2013,Philadelphia-2013,PHI-2013,76ers-2013,107,418,1553165,34,1.8,29.6,5,41,685412,84032270,0,698324,626430,71894,670430,1214530,30033698,23189417,50,101,104.7,39.25,260.49,9,930
Philadelphia,PHI,76ers,2012,Philadelphia-2012,PHI-2012,76ers-2012,116,314,1547607,35,2.2,13.41,5,33,577597,66672368,0,699324,623246,76078,659740,1198800,29447936,22564831,49,102.7,98.2,39.25,263.9,8,930
Philadelphia,PHI,76ers,2011,Philadelphia-2011,PHI-2011,76ers-2011,110,330,1538567,41,1.6,0,5,41,604823,68915246,0,690922,617204,73718,685705,1235683,28698745,22299692,48,105.3,103.8,41,261.98,7,930
Philadelphia,PHI,76ers,2010,Philadelphia-2010,PHI-2010,76ers-2010,115,344,1526006,27,2.6,12.78,5,41,583219,64883448,0,687795,615059,72736,686501,1242248,27472495,573703,47,104.7,108.9,43.02,269.98,6,930
Philadelphia,PHI,76ers,2009,Philadelphia-2009,PHI-2009,76ers-2009,115,360,1547297,41,-2.5,23.45,4,41,647898,68301007,0,652401,588815,63586,599236,1148542,23973051,19976594,46,106.3,106.1,43,272.98,5,930
Memphis,MEM,Grizzlies,2007,Memphis-2007,MEM-2007,Grizzlies-2007,98,313,679404,22,1.9,3.53,1,41,600836,61960489,0,446771,424197,22574,414029,862537,20692510,16168535,6,105.6,110.8,0,222.96,3,765
Miami,MIA,Heat,2007,Miami-2007,MIA-2007,Heat-2007,131,409,424662,44,1.9,3.53,4,41,808541,64416312,1,1226005,1188136,37869,1139526,2151993,46953234,35607473,19,103.4,104.5,0,331.2,3,765
Philadelphia,PHI,76ers,2006,Philadelphia-2006,PHI-2006,76ers-2006,110,351,1520251,38,2.9,13.62,4,41,677278,84807300,0,615906,577682,38224,572498,1113435,22705471,18244584,43,104.7,106.5,44.47,263.38,2,765
Philadelphia,PHI,76ers,2005,Philadelphia-2005,PHI-2005,76ers-2005,110,342,1517628,43,3.5,3,4,41,732686,71951878,0,617131,575746,41385,557513,1099099,21295663,17274378,42,101.8,102.4,42.36,251.92,1,765
Philadelphia,PHI,76ers,2004,Philadelphia-2004,PHI-2004,76ers-2004,109,328,1514658,33,3.8,8.99,4,41,788128,60411079,0,619946,574770,45176,556356,1102793,20644476,16920461,41,97.7,100.4,42.09,250.84,0,765
Phoenix,PHX,Suns,2017,Phoenix-2017,PHX-2017,Suns-2017,173,1100,1626078,24,2.2,19.42,4,41,708639,73308325,0,2134987,2045885,89102,#N/A,#N/A,#N/A,#N/A,49,106.1,111.3,,,13,2600
Phoenix,PHX,Suns,2016,Phoenix-2016,PHX-2016,Suns-2016,154,1000,1615017,23,1.6,9.54,4,41,701405,70110834,0,2071011,1976440,94571,1846890,3712370,121999024,87804077,48,101.4,107.9,56.1,341.9,12,930
Phoenix,PHX,Suns,2015,Phoenix-2015,PHX-2015,Suns-2015,145,910,1563025,39,2.9,-0.73,4,41,693862,69583765,0,2013552,1910598,102954,1821940,3708180,117479279,84423324,47,104.2,105.3,56.1,341.9,11,930
Phoenix,PHX,Suns,2014,Phoenix-2014,PHX-2014,Suns-2014,137,565,1537058,48,2.5,11.39,4,41,650739,62590529,0,1954459,1841230,113229,1780700,3663550,109904916,79518306,46,108.2,105.6,57.23,344.92,10,930
Phoenix,PHX,Suns,2013,Phoenix-2013,PHX-2013,Suns-2013,121,474,1513367,25,1.8,29.6,4,41,632913,60844774,0,1907171,1781737,125434,1754580,3653590,102879095,76598916,45,100.1,106.8,57.28,333.12,9,930
Phoenix,PHX,Suns,2012,Phoenix-2012,PHX-2012,Suns-2012,136,395,1488750,33,2.2,13.41,4,33,514718,80640576,0,1895634,1757601,138033,1715270,3629360,102429932,74340548,44,105.2,105.2,60.63,346.52,8,930
Phoenix,PHX,Suns,2011,Phoenix-2011,PHX-2011,Suns-2011,147,411,1464214,40,1.6,0,4,41,720249,65979054,0,1894633,1732510,162123,1737405,3746694,94496606,71527188,43,108.5,109.3,62.5,331,7,930
Phoenix,PHX,Suns,2010,Phoenix-2010,PHX-2010,Suns-2010,148,429,1445632,46,2.6,12.78,4,41,723582,65288544,0,1919590,1736764,182826,1677830,3656464,94045721,1389244,42,113.9,109.1,64.17,337.63,6,930
Phoenix,PHX,Suns,2009,Phoenix-2009,PHX-2009,Suns-2009,148,452,1593659,55,-2.5,23.45,4,41,755302,76130408,0,1966607,1787374,179233,1428204,3201862,76115094,60539813,41,112.4,110.4,64.16,355.63,5,930
Milwaukee,MIL,Bucks,2007,Milwaukee-2007,MIL-2007,Bucks-2007,88,260,602656,28,1.9,3.53,2,41,663629,63498518,0,469736,442497,27239,433983,847180,19979800,15114848,39,106,110.3,0,262.11,3,765
Minneapolis,MIN,Timberwolves,2007,Minneapolis-2007,MIN-2007,Timberwolves-2007,103,308,378877,32,1.9,3.53,4,41,655947,66820673,0,655691,629005,26686,531691,1024628,39562689,28712049,18,102.4,106.4,0,234.94,3,765
Phoenix,PHX,Suns,2006,Phoenix-2006,PHX-2006,Suns-2006,132,395,1510609,62,2.9,13.62,4,41,730179,53626924,0,1920575,1851719,68856,1377957,3062708,83760450,61059469,38,110.1,104.7,51.66,274.64,2,765
Phoenix,PHX,Suns,2005,Phoenix-2005,PHX-2005,Suns-2005,132,356,1470302,29,3.5,3,4,41,726066,44598682,0,1856076,1780954,75122,1322058,2945289,77551556,56517048,37,112.7,105.7,48.99,260.95,1,765
Phoenix,PHX,Suns,2004,Phoenix-2004,PHX-2004,Suns-2004,109,282,1424000,54,3.8,8.99,4,41,670385,66931770,0,1789725,1710158,79567,1283201,2860084,70495220,53257793,36,100.3,104.1,44.08,240.34,0,765
Portland,POR,Trail Blazers,2017,Portland-2017,POR-2017,Trail Blazers-2017,178,1050,647805,41,2.2,19.42,2,41,792029,112223450,0,457151,440545,16606,#N/A,#N/A,#N/A,#N/A,47,109.4,110,,,13,2600
Portland,POR,Trail Blazers,2016,Portland-2016,POR-2016,Trail Blazers-2016,157,975,639863,44,1.6,9.54,2,41,794085,62488858,0,444268,425547,18721,394010,681270,27846824,19679749,46,107.6,106.8,53.43,319.2,12,930
Portland,POR,Trail Blazers,2015,Portland-2015,POR-2015,Trail Blazers-2015,153,940,632309,51,2.9,-0.73,2,41,801733,86244174,0,429671,408592,21079,394700,689750,26970324,19122483,45,107.1,102.8,52.9,317.08,11,930
Portland,POR,Trail Blazers,2014,Portland-2014,POR-2014,Trail Blazers-2014,140,587,619360,54,2.5,11.39,2,41,809612,80894044,0,419052,394312,24740,385290,681230,24729674,17512677,44,110.4,106.1,51.3,308.18,10,930
Portland,POR,Trail Blazers,2013,Portland-2013,POR-2013,Trail Blazers-2013,117,457,609456,33,1.8,29.6,2,41,813012,74803194,0,411694,383774,27920,377000,671160,22907633,16468312,43,104.5,107.9,48.4,296.58,9,930
Portland,POR,Trail Blazers,2012,Portland-2012,POR-2012,Trail Blazers-2012,132,370,603106,28,2.2,13.41,2,33,676384,80920717,0,419500,387585,31915,370360,663650,22368951,15588064,42,104.4,105.3,48.4,296.58,8,930
Portland,POR,Trail Blazers,2011,Portland-2011,POR-2011,Trail Blazers-2011,127,356,593893,48,1.6,0,2,41,840924,74584058,0,424717,389294,35423,368245,662874,20405601,14900622,41,107.3,105.7,50.62,297.49,7,930
Portland,POR,Trail Blazers,2010,Portland-2010,POR-2010,Trail Blazers-2010,121,338,583776,50,2.6,12.78,1,41,840411,56946258,0,418838,378511,40327,363580,659976,19466097,299734,40,109.6,106.1,46.44,337.2,6,930
Portland,POR,Trail Blazers,2009,Portland-2009,POR-2009,Trail Blazers-2009,121,307,566143,54,-2.5,23.45,1,41,841499,80260059,0,393391,351886,41505,314224,594834,16210894,12489199,39,112.1,106,61.21,329.83,5,930
New Orleans,NOP,Pelicans,2007,New Orleans-2007,NOP-2007,Pelicans-2007,91,248,288113,39,1.9,3.53,2,41,731165,53748991,0,107655,102197,5458,120231,223888,5099125,3688855,5,103.7,105.3,0,196.9,3,765
New Jersey,NJN,Nets,2007,New Jersey-2007,NJN-2007,Nets-2007,102,325,8310212,41,1.9,3.53,10,41,693955,64486110,0,471472,455223,16249,395911,816611,36938196,26059667,31,104.1,105.1,0,328.9,3,765
Portland,POR,Trail Blazers,2006,Portland-2006,POR-2006,Trail Blazers-2006,77,227,538091,21,2.9,13.62,1,41,617019,60017964,0,366637,347849,18788,295412,555989,16186136,11620318,36,99.7,110.3,42.59,232.86,2,765
Portland,POR,Trail Blazers,2005,Portland-2005,POR-2005,Trail Blazers-2005,78,247,534112,27,3.5,3,1,41,680374,83671309,0,360354,338487,21867,282993,537798,14560280,10769625,35,101.9,106.1,46.3,247.68,1,765
Portland,POR,Trail Blazers,2004,Portland-2004,POR-2004,Trail Blazers-2004,97,272,533120,41,3.8,8.99,1,41,684038,82956768,0,363822,336779,27043,279300,533946,13776882,10220487,34,102,103.5,44.12,262.5,0,765
Sacramento,SAC,Kings,2017,Sacramento-2017,SAC-2017,Kings-2017,164,1075,501901,32,2.2,19.42,1,41,721928,92991922,0,702049,669469,32580,#N/A,#N/A,#N/A,#N/A,32,106.5,110.7,,,13,2600
Sacramento,SAC,Kings,2016,Sacramento-2016,SAC-2016,Kings-2016,141,925,495234,33,1.6,9.54,1,41,707526,71683666,0,695243,657592,37651,681990,1367550,41613367,30606101,31,105.3,107.6,47.89,286.56,12,930
Sacramento,SAC,Kings,2015,Sacramento-2015,SAC-2015,Kings-2015,125,800,490712,29,2.9,-0.73,1,41,680049,74441553,0,685987,644870,41117,671520,1360770,39945142,29256177,30,104.5,108.2,46.32,280.28,11,930
Sacramento,SAC,Kings,2014,Sacramento-2014,SAC-2014,Kings-2014,115,550,485199,28,2.5,11.39,1,41,667949,62880992,0,680676,630973,49703,654660,1339880,37398583,27305425,29,105.1,107.8,43.32,268.28,10,930
Sacramento,SAC,Kings,2013,Sacramento-2013,SAC-2013,Kings-2013,96,525,479686,28,1.8,29.6,1,41,563743,54317436,0,680241,619835,60406,643410,1330930,35232809,26027064,28,105.3,110,43.32,268.28,9,930
Sacramento,SAC,Kings,2012,Sacramento-2012,SAC-2012,Kings-2012,104,300,475516,22,2.2,13.41,1,33,478764,48950236,0,681281,609691,71590,633820,1316020,34579930,25219061,27,102.9,108.7,48.17,277.68,8,930
Sacramento,SAC,Kings,2011,Sacramento-2011,SAC-2011,Kings-2011,103,293,471519,24,1.6,0,1,41,569496,45268465,0,679995,597683,82312,644178,1332349,32879715,24725415,26,102.9,108.4,51.8,282.2,7,930
Sacramento,SAC,Kings,2010,Sacramento-2010,SAC-2010,Kings-2010,109,305,466488,25,2.6,12.78,1,41,543416,67515718,0,683127,596992,86135,632981,1324839,32364105,513424,25,104.3,109,57.49,305,6,930
Sacramento,SAC,Kings,2009,Sacramento-2009,SAC-2009,Kings-2009,109,350,466676,17,-2.5,23.45,1,40,502852,69204512,0,681094,606070,75024,548633,1196737,29113367,22642166,24,104.4,113.4,59.8,318.2,5,930
New York,NYK,Knicks,2007,New York-2007,NYK-2007,Knicks-2007,196,592,8310212,33,1.9,3.53,10,41,771017,117350866,0,917566,877728,39838,8656912,16767390,513598458,377162173,61,104.3,107.4,0,394.52,3,765
Orlando,ORL,Magic,2007,Orlando-2007,ORL-2007,Magic-2007,92,283,230239,40,1.9,3.53,1,41,700887,61447108,0,594761,571946,22815,508447,999127,24084567,18818549,18,104.1,103.3,0,217.17,3,765
Sacramento,SAC,Kings,2006,Sacramento-2006,SAC-2006,Kings-2006,126,345,449658,44,2.9,13.62,1,41,709997,62811975,0,668817,637010,31807,535282,1154107,29244115,22175816,21,105.3,103.5,59.8,310.7,2,765
Sacramento,SAC,Kings,2005,Sacramento-2005,SAC-2005,Kings-2005,119,330,448842,50,3.5,3,1,41,709997,61807688,0,664327,631504,32823,523733,1133001,27884452,21149531,20,108.8,106.5,66,335.5,1,765
Sacramento,SAC,Kings,2004,Sacramento-2004,SAC-2004,Kings-2004,102,275,446295,55,3.8,8.99,1,41,709997,68372826,0,659062,622197,36865,518999,1121006,26598525,20460166,19,108.5,103.2,63.2,324.3,0,765
San Antonio,SAS,Spurs,2017,San Antonio-2017,SAS-2017,Spurs-2017,187,1175,1511946,61,2.2,19.42,1,41,755347,107129207,1,924590,892277,32313,#N/A,#N/A,#N/A,#N/A,41,110.3,102.8,,,13,2600
San Antonio,SAS,Spurs,2016,San Antonio-2016,SAS-2016,Spurs-2016,170,1150,1492510,67,1.6,9.54,1,41,756445,87681690,1,903856,870020,33836,862020,1696880,48546241,35680502,40,109.3,98.2,54.88,325.52,12,930
San Antonio,SAS,Spurs,2015,San Antonio-2015,SAS-2015,Spurs-2015,172,1000,1469845,55,2.9,-0.73,1,41,762855,70220367,1,878118,844697,33421,857550,1696770,49757348,35363465,39,107.6,101.3,58.65,340.6,11,930
San Antonio,SAS,Spurs,2014,San Antonio-2014,SAS-2014,Spurs-2014,167,660,1436697,62,2.5,11.39,1,41,755031,63858408,1,866455,825960,40495,840050,1671000,47766756,33646116,38,109.5,101.4,57.25,339,10,930
San Antonio,SAS,Spurs,2013,San Antonio-2013,SAS-2013,Spurs-2013,135,527,1409019,58,1.8,29.6,1,41,755700,69787704,0,854655,804941,49714,822920,1651160,44214574,31931644,37,107,100.3,58.45,330.8,9,930
San Antonio,SAS,Spurs,2012,San Antonio-2012,SAS-2012,Spurs-2012,139,418,1382951,50,2.2,13.41,1,33,607095,73732762,0,840497,787214,53283,805150,1625750,43650325,30775890,36,110,102.3,58.45,319.34,8,930
San Antonio,SAS,Spurs,2011,San Antonio-2011,SAS-2011,Spurs-2011,135,404,1357551,61,1.6,0,1,41,750879,69522311,1,829870,770139,59731,790220,1606280,41072199,29199963,35,110.5,104.4,56.34,315.36,7,930
San Antonio,SAS,Spurs,2010,San Antonio-2010,SAS-2010,Spurs-2010,133,398,1327407,50,2.6,12.78,1,41,741676,79338309,1,812516,753313,59203,763155,1577826,37752201,648830,34,109.3,103.9,55.45,321.9,6,930
San Antonio,SAS,Spurs,2009,San Antonio-2009,SAS-2009,Spurs-2009,133,415,1373668,54,-2.5,23.45,1,41,749048,68020487,2,763919,712413,51506,662329,1446132,30725292,24360668,33,107.6,103.4,56.37,329.48,5,930
Philadelphia,PHI,76ers,2007,Philadelphia-2007,PHI-2007,76ers-2007,112,375,1530031,35,1.9,3.53,4,41,608603,69140163,0,620518,582727,37791,672297,1230384,24361302,19614266,44,102.3,105.6,0,284.8,3,765
Phoenix,PHX,Suns,2007,Phoenix-2007,PHX-2007,Suns-2007,145,410,1538431,54,1.9,3.53,4,41,755302,65841120,0,1945290,1881907,63383,1535202,3343307,89340342,65830646,39,112.9,105.5,0,283.71,3,765
San Antonio,SAS,Spurs,2006,San Antonio-2006,SAS-2006,Spurs-2006,122,350,1292082,63,2.9,13.62,1,41,770677,63570274,2,728361,694464,33897,611935,1336977,28832719,21836921,30,106.1,98.7,45,270.5,2,765
San Antonio,SAS,Spurs,2005,San Antonio-2005,SAS-2005,Spurs-2005,121,324,1258733,59,3.5,3,1,41,750970,47504123,2,714126,677680,36446,591907,1302008,26527570,20420565,29,106,97.8,42.26,259.54,1,765
San Antonio,SAS,Spurs,2004,San Antonio-2004,SAS-2004,Spurs-2004,105,283,1239011,57,3.8,8.99,1,41,739706,46464064,1,703887,663941,39946,581029,1281819,25281756,19664801,28,101,93,41.23,255.43,0,765
Portland,POR,Trail Blazers,2007,Portland-2007,POR-2007,Trail Blazers-2007,82,230,546747,32,1.9,3.53,1,41,670778,75026386,0,379156,360681,18475,333859,610657,17723517,12698039,37,103.8,108.6,0,243.86,3,765
Seattle,SEA,Supersonics,2006,Seattle-2006,SEA-2006,Supersonics-2006,81,234,582877,35,2.9,13.62,4,41,664157,49253379,0,1043636,1004810,38826,797700,1556037,60209417,43807793,39,109.4,112.6,32.54,215.65,2,765
Seattle,SEA,Supersonics,2005,Seattle-2005,SEA-2005,Supersonics-2005,81,205,575036,52,3.5,3,4,41,675490,53821301,0,1011681,967430,44251,780213,1530866,55106788,40378151,38,110.3,108,34.01,207.52,1,765
Seattle,SEA,Supersonics,2004,Seattle-2004,SEA-2004,Supersonics-2004,70,196,570961,37,3.8,8.99,4,41,625474,52347476,0,993258,943793,49465,774431,1528390,52939957,39455377,37,105.6,106.4,34.01,207.52,0,765
Salt Lake City,UTA,Jazz,2017,Salt Lake City-2017,UTA-2017,Jazz-2017,164,910,200544,51,2.2,19.42,2,41,806605,79898192,0,621759,602541,19218,#N/A,#N/A,#N/A,#N/A,38,108.9,104.6,,,13,2600
Salt Lake City,UTA,Jazz,2016,Salt Lake City-2016,UTA-2016,Jazz-2016,146,875,193744,40,1.6,9.54,2,41,791489,64024001,0,603897,584758,19139,507440,1067450,34088565,25042277,37,105,103.2,43.19,275.74,12,930
Salt Lake City,UTA,Jazz,2015,Salt Lake City-2015,UTA-2015,Jazz-2015,142,850,192672,38,2.9,-0.73,2,41,772059,60272954,0,586753,566890,19863,502600,1072370,32536453,24182309,36,104.2,104.1,43.19,275.74,11,930
Salt Lake City,UTA,Jazz,2014,Salt Lake City-2014,UTA-2014,Jazz-2014,131,525,190884,25,2.5,11.39,2,41,745203,57039149,0,575842,554611,21231,487650,1055490,30448746,22499618,35,102.4,110,44.5,280.98,10,930
Salt Lake City,UTA,Jazz,2013,Salt Lake City-2013,UTA-2013,Jazz-2013,111,432,191180,43,1.8,29.6,2,41,765915,66954950,0,569638,544635,25003,480600,1055030,28331766,21400071,34,105.3,105.5,43.5,276.98,9,930
Salt Lake City,UTA,Jazz,2012,Salt Lake City-2012,UTA-2012,Jazz-2012,120,335,189314,36,2.2,13.41,2,33,637124,59339136,0,556484,527250,29234,472370,1052160,28535763,20740456,33,105.5,104.9,42.1,271.36,8,930
Salt Lake City,UTA,Jazz,2011,Salt Lake City-2011,UTA-2011,Jazz-2011,121,343,188010,39,1.6,0,2,41,799982,75855296,0,546296,510115,36181,469085,1065593,25261575,19654446,32,107,108.8,41.47,246.88,7,930
Salt Lake City,UTA,Jazz,2010,Salt Lake City-2010,UTA-2010,Jazz-2010,118,343,186440,53,2.6,12.78,2,41,794512,71905244,0,548378,506309,42069,459272,1061787,24348516,402675,31,109.7,104,43.88,242.6,6,930
Salt Lake City,UTA,Jazz,2009,Salt Lake City-2009,UTA-2009,Jazz-2009,118,358,183102,48,-2.5,23.45,2,41,816042,65841407,0,553693,514653,39040,395631,960337,20982288,17102151,30,108.5,105.7,43.9,252.6,5,930
Sacramento,SAC,Kings,2007,Sacramento-2007,SAC-2007,Kings-2007,128,379,455760,33,1.9,3.53,1,41,709997,64296611,0,675800,639075,36725,598170,1250581,30975401,23644134,22,105.1,106.7,0,318.2,3,765
San Antonio,SAS,Spurs,2007,San Antonio-2007,SAS-2007,Spurs-2007,131,390,1323698,58,1.9,3.53,1,41,764823,65654320,3,733499,703469,30030,693380,1456706,31208385,23583948,31,108.6,99.4,0,278.03,3,765
Salt Lake City,UTA,Jazz,2006,Salt Lake City-2006,UTA-2006,Jazz-2006,96,274,178965,41,2.9,13.62,2,41,751621,57372902,0,534687,519133,15554,370585,883195,20911956,15776176,27,102.3,105,39.5,228.48,2,765
Salt Lake City,UTA,Jazz,2005,Salt Lake City-2005,UTA-2005,Jazz-2005,91,257,176676,26,3.5,3,2,41,769014,43515760,0,517454,496679,20775,357791,855697,18853956,14553769,26,102.9,107.3,37.93,222.23,1,765
Salt Lake City,UTA,Jazz,2004,Salt Lake City-2004,UTA-2004,Jazz-2004,85,239,178487,42,3.8,8.99,2,41,785330,34747674,0,500677,475564,25113,348987,838007,17245237,13761794,25,100,101.3,39.77,229.57,0,765
Toronto,TOR,Raptors,2017,Toronto-2017,TOR-2017,Raptors-2017,193,1125,,51,2.2,19.42,5,41,813050,102827970,0,#N/A,#N/A,#N/A,#N/A,#N/A,#N/A,#N/A,22,111.4,107.1,,,13,2600
Toronto,TOR,Raptors,2016,Toronto-2016,TOR-2016,Raptors-2016,163,980,,56,1.6,9.54,5,41,812863,72143091,0,#N/A,#N/A,#N/A,#N/A,#N/A,#N/A,#N/A,21,109.3,104.8,48.11,323.69,12,930
Toronto,TOR,Raptors,2015,Toronto-2015,TOR-2015,Raptors-2015,151,920,,49,2.9,-0.73,5,41,809824,80806577,0,#N/A,#N/A,#N/A,#N/A,#N/A,#N/A,#N/A,20,110.2,107.1,42.94,289.71,11,930
Toronto,TOR,Raptors,2014,Toronto-2014,TOR-2014,Raptors-2014,149,520,,48,2.5,11.39,5,41,748339,74211003,0,#N/A,#N/A,#N/A,#N/A,#N/A,#N/A,#N/A,19,107.9,104.6,48.7,321.63,10,930
Toronto,TOR,Raptors,2013,Toronto-2013,TOR-2013,Raptors-2013,121,405,,34,1.8,29.6,5,41,743936,66974563,0,#N/A,#N/A,#N/A,#N/A,#N/A,#N/A,#N/A,18,105,106.4,46.13,316.09,9,930
Toronto,TOR,Raptors,2012,Toronto-2012,TOR-2012,Raptors-2012,134,382,,23,2.2,13.41,5,33,555584,55063049,0,#N/A,#N/A,#N/A,#N/A,#N/A,#N/A,#N/A,17,99.6,103.6,46.98,319.32,8,930
Toronto,TOR,Raptors,2011,Toronto-2011,TOR-2011,Raptors-2011,138,399,,22,1.6,0,5,41,679208,69992648,0,#N/A,#N/A,#N/A,#N/A,#N/A,#N/A,#N/A,16,105.2,111.7,50.97,332.94,7,930
Toronto,TOR,Raptors,2010,Toronto-2010,TOR-2010,Raptors-2010,133,386,,40,2.6,12.78,5,41,733784,67822433,0,#N/A,#N/A,#N/A,#N/A,#N/A,#N/A,#N/A,15,110.1,112.2,52.33,313.2,6,930
Toronto,TOR,Raptors,2009,Toronto-2009,TOR-2009,Raptors-2009,133,400,,33,-2.5,23.45,5,41,769707,73446970,0,#N/A,#N/A,#N/A,#N/A,#N/A,#N/A,#N/A,14,105.5,108.5,45.31,284.17,5,930
Seattle,SEA,Supersonics,2007,Seattle-2007,SEA-2007,Supersonics-2007,81,268,592647,31,1.9,3.53,4,41,654163,56986831,0,1067240,1033216,34024,873494,1673462,66792607,48371159,40,105.9,108.9,0,226.71,3,765
Salt Lake City,UTA,Jazz,2007,Salt Lake City-2007,UTA-2007,Jazz-2007,114,297,178810,51,1.9,3.53,2,41,802214,62364364,0,550691,536924,13767,410763,960440,23018676,17360520,28,108.6,105.6,0,225.52,3,765
Toronto,TOR,Raptors,2006,Toronto-2006,TOR-2006,Raptors-2006,105,278,,27,2.9,13.62,3,41,699332,62411884,0,#N/A,#N/A,#N/A,#N/A,#N/A,#N/A,#N/A,11,107.9,111.1,40.67,242.88,2,765
Toronto,TOR,Raptors,2005,Toronto-2005,TOR-2005,Raptors-2005,94,297,,33,3.5,3,3,41,703388,61703775,0,#N/A,#N/A,#N/A,#N/A,#N/A,#N/A,#N/A,10,105.3,107.2,38.42,229.08,1,765
Toronto,TOR,Raptors,2004,Toronto-2004,TOR-2004,Raptors-2004,96,249,,33,3.8,8.99,3,41,750608,63033243,0,#N/A,#N/A,#N/A,#N/A,#N/A,#N/A,#N/A,9,95.3,98.7,40.82,235.19,0,765
District of Columbia,WAS,Wizards,2017,District of Columbia-2017,WAS-2017,Wizards-2017,155,1000,693972,49,2.2,19.42,5,41,697107,103620024,0,400894,376633,24261,#N/A,#N/A,#N/A,#N/A,44,110.4,108.7,,,13,2600
District of Columbia,WAS,Wizards,2016,District of Columbia-2016,WAS-2016,Wizards-2016,146,960,681170,41,1.6,9.54,5,41,725426,84466783,0,394586,370521,24065,686060,1067780,63819822,45177890,43,104.5,105.1,51.21,322.82,12,930
District of Columbia,WAS,Wizards,2015,District of Columbia-2015,WAS-2015,Wizards-2015,143,900,672228,46,2.9,-0.73,5,41,747796,82999913,0,388057,361324,26733,689420,1078780,64269918,44249156,42,103,102.3,32.7,258.78,11,930
District of Columbia,WAS,Wizards,2014,District of Columbia-2014,WAS-2014,Wizards-2014,122,485,658893,44,2.5,11.39,5,41,698068,78883599,0,378380,348981,29399,336950,529860,29796378,20647160,41,104.8,103.5,30.31,249.22,10,930
District of Columbia,WAS,Wizards,2013,District of Columbia-2013,WAS-2013,Wizards-2013,102,397,646449,29,1.8,29.6,5,41,670070,66343388,0,374126,342351,31775,662060,1044500,54517304,38630522,40,99.3,101.6,32.24,246.94,9,930
District of Columbia,WAS,Wizards,2012,District of Columbia-2012,WAS-2012,Wizards-2012,109,328,632323,20,2.2,13.41,5,33,552038,55386345,0,364989,331984,33005,655360,1037260,56580112,37549822,39,100,104.9,23.64,212.54,8,930
District of Columbia,WAS,Wizards,2011,District of Columbia-2011,WAS-2011,Wizards-2011,107,322,619020,23,1.6,0,5,41,688466,58324988,0,350778,315171,35607,659390,1049090,50434622,35793668,38,101.3,109.1,24.52,186.08,7,930
District of Columbia,WAS,Wizards,2010,District of Columbia-2010,WAS-2010,Wizards-2010,110,313,601723,26,2.6,12.78,5,41,664398,73440274,0,346065,313508,32557,322844,512462,24387673,267684,37,103.1,108.3,27.21,196.83,6,930
District of Columbia,WAS,Wizards,2009,District of Columbia-2009,WAS-2009,Wizards-2009,110,353,599657,19,-2.5,23.45,5,41,681117,70743317,0,335672,304500,31172,272851,443043,18127976,14314114,36,104,112.1,29.14,203.56,5,930
Toronto,TOR,Raptors,2007,Toronto-2007,TOR-2007,Raptors-2007,124,315,,47,1.9,3.53,4,41,748603,51015491,0,#N/A,#N/A,#N/A,#N/A,#N/A,#N/A,#N/A,12,105.7,104.4,0,289.1,3,765
District of Columbia,WAS,Wizards,2007,District of Columbia-2007,WAS-2007,Wizards-2007,112,334,586409,41,1.9,3.53,5,41,753283,62733705,0,322237,304426,17811,280273,448322,18177370,13199913,34,108.7,109.1,0,262.32,3,765
District of Columbia,WAS,Wizards,2006,District of Columbia-2006,WAS-2006,Wizards-2006,108,318,583978,42,2.9,13.62,5,41,705062,54555947,0,316083,297786,18297,256253,420963,16734223,12126562,33,107.6,105.8,46.83,269.32,2,765
District of Columbia,WAS,Wizards,2005,District of Columbia-2005,WAS-2005,Wizards-2005,106,273,582049,45,3.5,3,5,41,705069,49797050,0,315616,295484,20132,251226,418310,15580227,11448725,32,105.4,105.8,46.83,269.32,1,765
District of Columbia,WAS,Wizards,2004,District of Columbia-2004,WAS-2004,Wizards-2004,98,274,579796,25,3.8,8.99,4,41,645363,45682902,0,312027,287683,24344,249620,419819,14894366,10896601,31,97.2,102.9,46.83,269.32,0,765
